A;Landbouw, bosbouw en visserij;
;;
01 ;Landbouw, jacht en dienstverlening voor de landbouw en jacht ;
;;
01.1;Teelt van eenjarige gewassen;
01.11;Teelt van granen, peulvruchten en oliehoudende zaden;
01.13;Teelt van groenten en wortel- en knolgewassen;
01.16;Teelt van vezelgewassen;
01.19;Teelt van overige eenjarige gewassen;
;;
01.2;Teelt van meerjarige gewassen;
01.21;Druiventeelt;
01.24;Teelt van hardfruit en steenvruchten;
01.25;Teelt van overige boomvruchten, kleinfruit en noten;
01.27;Teelt van gewassen bestemd voor de vervaardiging van dranken;
01.28;Teelt van specerijgewassen en van aromatische en medicinale gewassen;
01.29;Teelt van overige  meerjarige gewassen;
;;
01.3 ;Teelt van sierplanten;
01.30;Teelt van sierplanten;
;;
01.4;Fokken en houden van dieren;
01.41;Fokken en houden van melkvee;
01.42;Fokken en houden van runderen (geen melkvee);
01.43;Fokken en houden van paarden en ezels;
01.45;Fokken en houden van schapen en geiten;
01.46;Fokken en houden van varkens;
01.47;Fokken en houden van pluimvee;
01.49;Fokken en houden van overige dieren;
;;
01.5 ;Akker- en/of tuinbouw in combinatie met het fokken en houden van dieren ;
01.50;Akker- en/of tuinbouw in combinatie met het fokken en houden van dieren ;
;;
01.6;"Dienstverlening voor de landbouw; behandeling van gewassen en zaden na de oogst";
01.61;Dienstverlening voor de akker- en/of tuinbouw ;
01.62;Dienstverlening voor het fokken en houden van dieren ;
01.63;Behandeling van  gewassen na de oogst;
01.64;Behandeling van zaden voor vermeerdering;
;;
01.7;Jacht;
01.70;Jacht;
;;
;;
2;Bosbouw, exploitatie van bossen en dienstverlening voor de bosbouw;
;;
02.1;Bosbouw;
02.10;Bosbouw;
;;
02.2;Exploitatie van bossen;
02.20;Exploitatie van bossen;
;;
02.4;Dienstverlening voor de bosbouw;
02.40;Dienstverlening voor de bosbouw;
;;
03 ;Visserij en kweken van vis en schaaldieren ;
;;
03.1 ;Visserij;
03.11;Zee- en kustvisserij;
03.12;Binnenvisserij;
;;
03.2 ;Kweken van vis en schaaldieren ;
03.21;Kweken van zeevis en -schaaldieren;
03.22;Kweken van zoetwatervis en -schaaldieren;
;;
;;
B;Winning van delfstoffen ;
;;
6;Winning van aardolie en aardgas;
;;
06.1;Winning van aardolie;
06.10;Winning van aardolie;
;;
06.2;Winning van aardgas;
06.20;Winning van aardgas;
;;
;;
8;Winning van delfstoffen (geen olie en gas);
;;
08.1;Winning van zand, grind en klei;
08.12;Winning van zand, grind en klei;
;;
08.9 ;Winning van overige delfstoffen;
08.92;Winning van turf ;
08.93;Winning van zout;
08.99;Winning van overige delfstoffen (rest);
;;
;;
9;Dienstverlening voor de winning van delfstoffen ;
;;
09.1;Dienstverlening voor de winning van aardolie en aardgas;
09.10;Dienstverlening voor de winning van aardolie en aardgas;
;;
09.9 ;Dienstverlening voor de winning van delfstoffen (geen olie en gas);
09.90;Dienstverlening voor de winning van delfstoffen (geen olie en gas);
;;
;;
C;Industrie;
;;
10;Vervaardiging van voedingsmiddelen;
;;
10.1 ;Slachterijen en vleesverwerking;
10.11;Slachterijen (geen pluimvee-);
10.12;Pluimveeslachterijen;
10.13;Vleesverwerking (niet tot maaltijden);
;;
10.2;Visverwerking;
10.20;Visverwerking;
;;
10.3;Verwerking van aardappels, groente en fruit;
10.31;Vervaardiging van aardappelproducten;
10.32;Vervaardiging van fruit- en groentesap;
10.39;Verwerking van groente en fruit (niet tot sap en maaltijden);
;;
10.4;Vervaardiging van plantaardige en dierlijke oliën en vetten ;
10.41;Vervaardiging van plantaardige en dierlijke oliën en vetten (geen margarine en andere spijsvetten);
10.42;Vervaardiging van margarine en overige spijsvetten;
;;
10.5 ;Vervaardiging van zuivelproducten;
10.51;Vervaardiging van zuivelproducten (geen consumptie-ijs);
10.52;Vervaardiging van consumptie-ijs;
;;
10.6;Vervaardiging van meel;
10.61;Vervaardiging van meel (geen zetmeel);
10.62;Vervaardiging van zetmeel en zetmeelproducten;
;;
10.7;Vervaardiging van brood, banketbakkerswerk en deegwaren;
10.71;Vervaardiging van brood en vers banketbakkerswerk;
10.72;Vervaardiging van beschuit en koekjes en ander houdbaar banketbakkerswerk;
10.73;Vervaardiging van deegwaren;
;;
10.8 ;Vervaardiging van overige voedingsmiddelen;
10.81;Vervaardiging van suiker;
10.82;Verwerking van cacao en vervaardiging van chocolade en suikerwerk;
10.82.1;Verwerking van cacao;
10.82.2;Vervaardiging van chocolade en suikerwerk;
10.83;Verwerking van koffie en thee;
10.84;"Vervaardiging van specerijen, sauzen en kruiderijen; zoutraffinage";
10.85;Vervaardiging van kant-en-klaarmaaltijden en snacks;
10.86;Vervaardiging van gehomogeniseerde voedingspreparaten en dieetvoeding;
10.89;Vervaardiging van overige voedingsmiddelen (rest);
;;
10.9;Vervaardiging van diervoeders;
10.91;Vervaardiging van veevoeders;
10.92;Vervaardiging van voeders voor huisdieren;
;;
;;
11 ;Vervaardiging van dranken;
;;
11.0;Vervaardiging van dranken;
11.01;Vervaardiging van sterk alcoholische dranken door distilleren, rectificeren en mengen;
11.02;Vervaardiging van wijn uit druiven;
11.03;Vervaardiging van cider en van overige vruchtenwijnen;
11.04;Vervaardiging van overige niet-gedistilleerde gegiste dranken;
11.05;Vervaardiging van bier;
11.06;Mouterijen;
11.07;"Vervaardiging van frisdranken; productie van mineraalwater en overig gebotteld water";
;;
;;
12;Vervaardiging van tabaksproducten;
;;
12.0 ;Vervaardiging van tabaksproducten;
12.00;Vervaardiging van tabaksproducten;
;;
;;
13 ;Vervaardiging van textiel;
;;
13.1;Bewerken en spinnen van textielvezels;
13.10;Bewerken en spinnen van textielvezels;
;;
13.2;Weven van textiel;
13.20;Weven van textiel;
;;
13.3;Textielveredeling;
13.30;Textielveredeling;
;;
13.9;Vervaardiging van overige  textielproducten;
13.91;Vervaardiging van gebreide en gehaakte stoffen;
13.92;Vervaardiging van geconfectioneerde artikelen van textiel (geen kleding);
13.93;Vervaardiging van vloerkleden en tapijt;
13.94;Vervaardiging van koord, bindgaren, touw en netten;
13.95;Vervaardiging van gebonden textielvlies en artikelen daarvan (geen kleding);
13.96;Vervaardiging van technisch en industrieel textiel;
13.99;Vervaardiging van overige  textielproducten (rest);
;;
;;
14 ;Vervaardiging van kleding;
;;
14.1;Vervaardiging van kleding (geen bontkleding);
14.11;Vervaardiging van kleding van leer;
14.12;Vervaardiging van werkkleding;
14.13;Vervaardiging van overige  bovenkleding;
14.14;Vervaardiging van onderkleding;
14.19;Vervaardiging van baby- en sportkleding en kledingaccessoires;
;;
14.2;Vervaardiging van artikelen van bont;
14.20;Vervaardiging van artikelen van bont;
;;
14.3;Vervaardiging van gebreide en gehaakte kleding;
14.31;Vervaardiging van gebreide en gehaakte kousen en sokken;
14.39;Vervaardiging van gebreide en gehaakte kleding (geen kousen en sokken);
;;
;;
15;Vervaardiging van leer, lederwaren en schoenen;
;;
15.1;"Looien en bewerken van leer; vervaardiging van koffers, tassen, zadel- en tuigmakerswerk; bereiden en verven van bont";
15.11;"Looien en bewerken van leer; bereiden en verven van bont";
15.12;Vervaardiging van koffers, tassen e.d. en van zadel- en tuigmakerswerk;
;;
15.2;Vervaardiging van schoenen;
15.20;Vervaardiging van schoenen;
;;
;;
16;Primaire houtbewerking en vervaardiging van artikelen van hout, kurk, riet en vlechtwerk ( geen meubels) ;
;;
16.1;Primaire houtbewerking en verduurzamen van hout;
16.10;Primaire houtbewerking en verduurzamen van hout;
16.10.1;Zagen en schaven en overige primaire houtbewerking;
16.10.2;Verduurzamen van hout;
;;
16.2;Vervaardiging van artikelen van hout, kurk, riet en vlechtwerk (geen meubels);
16.21;Vervaardiging van fineer en plaatmateriaal op basis van hout;
16.22;Vervaardiging van panelen voor parketvloeren;
16.23;Vervaardiging van overig  timmerwerk voor de bouw ;
16.23.1;Vervaardiging van deuren, ramen en kozijnen van hout;
16.23.9;Vervaardiging van overig timmerwerk voor de bouw (geen deuren, ramen en kozijnen);
16.24;Vervaardiging van houten emballage;
16.29;Vervaardiging van overige artikelen van hout en van artikelen van kurk, riet en vlechtwerk (geen meubels);
 ;;
;;
17;Vervaardiging van papier, karton en papier- en kartonwaren ;
;;
17.1;Vervaardiging van papierpulp, papier en karton;
17.11;Vervaardiging van papierpulp;
17.12;Vervaardiging van papier en karton;
17.12.1;Vervaardiging van grafisch papier en karton;
17.12.2;Vervaardiging van papier en karton voor verpakking;
17.12.9;Vervaardiging van papier en karton (geen grafisch en niet voor verpakking);
;;
17.2;Vervaardiging van papier- en kartonwaren;
17.21;"Vervaardiging van verpakkingsmiddelen van papier en karton; vervaardiging van golfpapier en -karton";
17.21.1;Vervaardiging van verpakkingsmiddelen van papier en karton;
17.21.2;Vervaardiging van golfpapier en -karton;
17.22;Vervaardiging van huishoudelijke en sanitaire papierwaren;
17.23;Vervaardiging van kantoorbenodigdheden van papier;
17.24;Vervaardiging van behangselpapier;
17.29;Vervaardiging van overige papier- en kartonwaren ;
;;
;;
18;Drukkerijen, reproductie van opgenomen media;
;;
18.1;Drukkerijen en dienstverlening voor drukkerijen;
18.11;Drukkerijen van dagbladen;
18.12;Overige drukkerijen;
18.12.1;Drukkerijen van boeken e.d.;
18.12.2;Drukkerijen van tijdschriften ;
18.12.3;Drukkerijen van reclame;
18.12.4;Drukkerijen van verpakkingen;
18.12.5;Drukkerijen van formulieren;
18.12.9;Overige drukkerijen (rest) ;
18.13;Prepress- en premedia-activiteiten;
18.14;Grafische afwerking en overige activiteiten verwant aan de drukkerij ;
;;
18.2;Reproductie van opgenomen media;
18.20;Reproductie van opgenomen media;
;;
;;
19;Vervaardiging van cokesovenproducten en aardolieverwerking;
19.1;Vervaardiging van cokesovenproducten;
19.10;Vervaardiging van cokesovenproducten;
;;
19.2;Aardolieverwerking;
19.20;Aardolieverwerking;
19.20.1;Aardolieraffinage;
19.20.2;Aardolieverwerking (geen -raffinage);
;;
;;
20;Vervaardiging van chemische producten;
;;
20.1;Vervaardiging van chemische basisproducten, kunstmeststoffen en stikstofverbindingen en van kunststof en synthetische rubber in primaire vorm;
20.11;Vervaardiging van industriële gassen;
20.12;Vervaardiging van kleur- en verfstoffen;
20.13;Vervaardiging van overige anorganische basischemicaliën ;
20.14;Vervaardiging van overige organische basischemicaliën ;
20.14.1;Vervaardiging van petrochemische producten;
20.14.9;Vervaardiging van overige organische basischemicaliën (geen petrochemische producten);
20.15;Vervaardiging van kunstmeststoffen en stikstofverbindingen;
20.16;Vervaardiging van kunststof in primaire vorm;
20.17;Vervaardiging van synthetische rubber in primaire vorm;
;;
20.2;Vervaardiging van verdelgingsmiddelen en overige landbouwchemicaliën;
20.20;Vervaardiging van verdelgingsmiddelen en overige landbouwchemicaliën;
;;
20.3;Vervaardiging van verf, vernis e.d., drukinkt en mastiek;
20.30;Vervaardiging van verf, vernis e.d., drukinkt en mastiek;
20.4;Vervaardiging van zeep, wasmiddelen, poets- en reinigingsmiddelen, parfums en cosmetica;
20.41;Vervaardiging van zeep, wasmiddelen, poets- en reinigingsmiddelen;
20.42;Vervaardiging van parfums en cosmetica;
;;
20.5;Vervaardiging van  overige chemische producten;
20.51;Vervaardiging van kruit en springstoffen en van lucifers;
20.52;Vervaardiging van lijm en bereide kleefmiddelen;
20.53;Vervaardiging van etherische oliën;
20.59;Vervaardiging van  overige chemische producten (rest);
20.6;Vervaardiging van synthetische en kunstmatige vezels;
20.60;Vervaardiging van synthetische en kunstmatige vezels;
;;
;;
21;Vervaardiging van farmaceutische grondstoffen en producten;
;;
21.1;Vervaardiging van farmaceutische grondstoffen;
21.10;Vervaardiging van farmaceutische grondstoffen;
;;
21.2;Vervaardiging van farmaceutische producten (geen grondstoffen);
21.20;Vervaardiging van farmaceutische producten (geen grondstoffen);
;;
;;
22;Vervaardiging van producten van rubber en kunststof;
;;
22.1;Vervaardiging van producten van rubber;
22.11;Vervaardiging van rubberbanden en loopvlakvernieuwing;
22.19;Vervaardiging van producten van rubber (geen banden);
;;
22.2;Vervaardiging van producten van kunststof;
22.21;Vervaardiging van platen, folie, buizen en profielen van kunststof;
22.22;Vervaardiging van verpakkingsmiddelen van kunststof;
22.23;Vervaardiging van kunststofproducten voor de bouw;
22.29;Vervaardiging van overige producten van kunststof;
;;
;;
23;Vervaardiging van overige niet-metaalhoudende minerale producten;
;;
23.1;Vervaardiging van glas en glaswerk;
23.11;Vervaardiging van vlakglas;
23.12;Vormen en bewerken van vlakglas;
23.13;Vervaardiging van holglas;
23.14;Vervaardiging van glasvezels;
23.19;Vervaardiging en bewerking van overig  glas,  inclusief technisch glaswerk;
;;
23.2;Vervaardiging van vuurvaste keramische producten;
23.20;Vervaardiging van vuurvaste keramische  producten;
;;
23.3;Vervaardiging van keramische producten voor de bouw ;
23.31;Vervaardiging van keramische tegels en plavuizen;
23.32;Vervaardiging van  keramische producten voor de bouw (geen tegels en plavuizen);
;;
23.4;Vervaardiging van overige keramische producten;
23.41;Vervaardiging van huishoudelijk en sieraardewerk;
23.42;Vervaardiging van sanitair aardewerk;
23.43;Vervaardiging van isolatoren en isolatiemateriaal van keramische stoffen;
23.44;Vervaardiging van overig technisch aardewerk;
23.49;Vervaardiging van overige keramische producten (rest);
;;
23.5;Vervaardiging van cement, kalk en gips;
23.51;Vervaardiging van cement;
23.52;Vervaardiging van kalk en gips;
;;
23.6;Vervaardiging van producten van beton, gips en cement;
23.61;Vervaardiging van producten voor de bouw van beton, kalkzandsteen en van cellenbeton;
23.61.1;Vervaardiging van producten voor de bouw van beton;
23.61.2;Vervaardiging van producten voor de bouw van kalkzandsteen en cellenbeton;
23.62;Vervaardiging van producten voor de bouw van gips;
23.63;Vervaardiging van stortklare beton;
23.64;Vervaardiging van mortel in droge vorm;
23.65;Vervaardiging van producten van vezelcement;
23.69;Vervaardiging van overige producten van beton, gips en cement;
;;
23.7;Natuursteenbewerking;
23.70;Natuursteenbewerking;
;;
23.9;Vervaardiging van overige niet-metaalhoudende minerale producten;
23.91;Vervaardiging van schuur-, slijp- en polijstmiddelen;
23.99;Vervaardiging van overige niet-metaalhoudende minerale producten (geen schuur-, slijp- en polijstmiddelen);
;;
;;
24;Vervaardiging van metalen in primaire vorm;
;;
24.1;Vervaardiging van ijzer en staal en van ferrolegeringen;
24.10;Vervaardiging van ijzer en staal en van ferrolegeringen;
;;
24.2 ;Vervaardiging van stalen buizen, pijpen, holle profielen en fittings daarvoor;
24.20;Vervaardiging van stalen buizen, pijpen, holle profielen en fittings daarvoor;
;;
24.3 ;Overige eerste verwerking van staal;
24.31;Koudtrekken van staven;
24.32;Koudwalsen van bandstaal;
24.33;Koudvervormen en koudfelsen;
24.34;Koudtrekken van draad;
;;
24.4;Vervaardiging van edelmetalen en  overige non-ferrometalen;
24.41;Vervaardiging van edelmetalen;
24.42;Vervaardiging van aluminium;
24.43;Vervaardiging van lood, zink en tin;
24.44;Vervaardiging van koper;
24.45;Vervaardiging van overige non-ferrometalen;
24.46;Smelten en raffineren van uranium;
;;
24.5;Gieten van metalen;
24.51;Gieten van ijzer ;
24.52;Gieten van staal;
24.53;Gieten van lichte metalen;
24.54;Gieten van overige  non-ferrometalen;
;;
;;
25;Vervaardiging van producten van metaal (geen machines en apparaten);
;;
25.1 ;Vervaardiging van metalen producten voor de bouw ;
25.11;Vervaardiging van metalen constructiewerken en delen daarvan;
25.12;Vervaardiging van metalen deuren, vensters en kozijnen;
;;
25.2;Vervaardiging van reservoirs van metaal en van ketels en radiatoren voor centrale verwarming ;
25.21;Vervaardiging van ketels en radiatoren voor centrale verwarming;
25.29;Vervaardiging van metalen tanks en reservoirs;
;;
25.3 ;Vervaardiging van stoomketels (geen ketels voor centrale verwarming);
25.30;Vervaardiging van stoomketels (geen ketels voor centrale verwarming);
25.4 ;Vervaardiging van wapens en munitie;
25.40;Vervaardiging van wapens en munitie;
;;
25.5 ;"Smeden, persen, stampen en profielwalsen van metaal; poedermetallurgie";
25.50;"Smeden, persen, stampen en profielwalsen van metaal; poedermetallurgie";
;;
25.6;"Oppervlaktebehandeling en bekleding van metaal; algemene metaalbewerking ";
25.61;Oppervlaktebehandeling en bekleding van metaal;
25.62;Algemene metaalbewerking;
;;
25.7;Vervaardiging van scharen, messen en  bestek, hang- en sluitwerk en gereedschap;
25.71;Vervaardiging van scharen, messen en bestek;
25.72;Vervaardiging van hang- en sluitwerk;
25.73;Vervaardiging van gereedschap;
;;
25.9;Vervaardiging van overige producten van metaal;
25.91;Vervaardiging van stalen vaten e.d.;
25.92;Vervaardiging van verpakkingsmiddelen van licht metaal;
25.93;Vervaardiging van artikelen van draad en van kettingen en veren;
25.94;Vervaardiging van bouten, schroeven en moeren;
25.99;Vervaardiging van overige producten van metaal (rest);
;;
;;
26;Vervaardiging van computers en van elektronische en optische apparatuur;
;;
26.1;Vervaardiging van elektronische componenten en printplaten;
26.11;Vervaardiging van elektronische componenten;
26.12;Vervaardiging van elektronische printplaten;
;;
26.2;Vervaardiging van computers en randapparatuur;
26.20;Vervaardiging van computers en randapparatuur;
;;
26.3;Vervaardiging van communicatieapparatuur;
26.30;Vervaardiging van communicatieapparatuur;
;;
26.4;Vervaardiging van consumentenelektronica;
26.40;Vervaardiging van consumentenelektronica;
;;
26.5;Vervaardiging van meet-, regel-, navigatie- en controleapparatuur en van uurwerken;
26.51;Vervaardiging van meet-, regel-, navigatie- en controleapparatuur;
26.52;Vervaardiging van uurwerken;
;;
26.6;Vervaardiging van bestralingsapparatuur en van elektromedische en elektrotherapeutische apparatuur;
26.60;Vervaardiging van bestralingsapparatuur en van elektromedische en elektrotherapeutische apparatuur;
;;
26.7;Vervaardiging van optische instrumenten en apparatuur;
26.70;Vervaardiging van optische instrumenten en apparatuur;
;;
26.8;Vervaardiging van informatiedragers;
26.80;Vervaardiging van informatiedragers;
;;
;;
27;Vervaardiging van elektrische apparatuur;
;;
27.1;Vervaardiging van elektromotoren, elektrische generatoren en transformatoren en van schakel- en verdeelinrichtingen;
27.11;Vervaardiging van elektromotoren,  elektrische generatoren en transformatoren;
27.12;Vervaardiging van schakel- en verdeelinrichtingen;
;;
27.2;Vervaardiging van batterijen en accumulatoren;
27.20;Vervaardiging van batterijen en accumulatoren;
;;
27.3;Vervaardiging van elektrische en elektronische kabels en van schakelaars, stekkers, stopcontacten e.d.;
27.31;Vervaardiging van kabels van optische vezels;
27.32;Vervaardiging van overige elektrische en elektronische kabel;
27.33;Vervaardiging van schakelaars, stekkers, stopcontacten e.d.;
;;
27.4;Vervaardiging van elektrische lampen en verlichtingsapparaten ;
27.40;Vervaardiging van elektrische lampen en verlichtingsapparaten ;
;;
27.5;Vervaardiging van huishoudapparaten;
27.51;Vervaardiging van elektrische huishoudapparaten;
27.52;Vervaardiging van niet-elektrische huishoudapparaten;
;;
27.9;Vervaardiging van overige elektrische apparatuur;
27.90;Vervaardiging van overige elektrische apparatuur;
;;
;;
28;Vervaardiging van overige machines en apparaten;
;;
28.1;Vervaardiging van motoren, turbines, pompen, compressoren, appendages en drijfwerkelementen;
28.11;Vervaardiging van motoren en turbines (niet voor vliegtuigen, motorvoertuigen en bromfietsen);
28.12;Vervaardiging van hydraulische apparatuur;
28.13;Vervaardiging van niet-hydraulische pompen en compressoren;
28.14;Vervaardiging van appendages;
28.15;Vervaardiging van tandwielen, lagers en overige drijfwerkelementen;
;;
28.2;Vervaardiging van overige machines en apparaten voor algemeen gebruik;
28.21;Vervaardiging van industriële ovens en branders;
28.22;Vervaardiging van hijs-, hef- en transportwerktuigen;
28.23;Vervaardiging van kantoormachines en -apparatuur (geen computers en randapparatuur);
28.24;Vervaardiging van pneumatisch en elektrisch handgereedschap ;
28.25;Vervaardiging van machines en apparaten voor industriële  koeltechniek en  klimaatregeling;
28.29;Vervaardiging van  overige machines en apparaten voor algemeen gebruik (rest);
;;
28.3;Vervaardiging van machines en werktuigen voor de land- en bosbouw;
28.30;Vervaardiging van machines en werktuigen voor de land- en bosbouw;
;;
28.4;Vervaardiging van gereedschapswerktuigen ;
28.41;Vervaardiging van gereedschapswerktuigen voor metaalbewerking;
28.49;Vervaardiging van  gereedschapswerktuigen niet voor metaalbewerking;
;;
28.9;Vervaardiging van overige machines, apparaten en werktuigen voor specifieke doeleinden;
28.91;Vervaardiging van machines voor de metallurgie;
28.92;Vervaardiging van machines voor de bouw en winning van delfstoffen;
28.93;Vervaardiging van machines voor de productie van voedings- en genotmiddelen;
28.94;Vervaardiging van machines voor de productie van textiel, kleding en leer;
28.95;Vervaardiging van machines voor de productie van papier en karton;
28.96;Vervaardiging van machines voor de kunststof- en rubberindustrie;
28.99;Vervaardiging van overige machines, apparaten en werktuigen voor specifieke doeleinden (rest);
;;
;;
29;Vervaardiging van auto's, aanhangwagens en opleggers;
;;
29.1;Vervaardiging van auto's;
29.10;Vervaardiging van auto's;
;;
29.2;"Carrosseriebouw; vervaardiging van aanhangwagens en opleggers";
29.20;"Carrosseriebouw; vervaardiging van aanhangwagens en opleggers";
29.20.1;Carrosseriebouw;
29.20.2;Vervaardiging van aanhangwagens en opleggers;
;;
29.3;Vervaardiging van onderdelen en toebehoren voor auto's ;
29.31;Vervaardiging van elektrische en elektronische onderdelen en toebehoren  voor auto's ;
29.32;Vervaardiging van niet-elektrische en -elektronische  onderdelen en toebehoren voor auto's;
;;
;;
30;Vervaardiging van overige transportmiddelen;
;;
30.1;Scheepsbouw;
30.11;Bouw van schepen en drijvend materieel (geen sport- en recreatievaartuigen) ;
30.12;Bouw van sport- en recreatievaartuigen ;
;;
30.2;Vervaardiging van rollend spoor- en tramwegmaterieel;
30.20;Vervaardiging van rollend spoor- en tramwegmaterieel ;
;;
30.3;Vervaardiging van vliegtuigen en onderdelen daarvoor;
30.30;Vervaardiging van vliegtuigen en onderdelen daarvoor;
;;
30.4;Vervaardiging van militaire gevechtsvoertuigen;
30.40;Vervaardiging van militaire gevechtsvoertuigen;
;;
30.9;Vervaardiging van transportmiddelen (rest);
30.91;Vervaardiging van motor- en bromfietsen;
30.92;Vervaardiging van fietsen en invalidenwagens;
30.99;Vervaardiging van overige transportmiddelen (rest);
;;
;;
31;Vervaardiging van meubels;
;;
31.0;Vervaardiging van meubels;
31.01;Interieurbouw en vervaardiging van bedrijfsmeubels;
31.01.1;Interieurbouw;
31.01.2;Vervaardiging van bedrijfsmeubels;
31.02;Vervaardiging van keukenmeubels;
31.03;Vervaardiging van matrassen;
31.09;Vervaardiging van overige meubels;
;;
;;
32;Vervaardiging van overige goederen;
;;
32.1;"Slaan van munten; bewerken van edelstenen en vervaardiging van sieraden e.d.";
32.11;Slaan van munten en medailles;
32.12;Bewerken van edelstenen en vervaardiging van sieraden e.d. (geen imitatie);
32.13;Vervaardiging van imitatiesieraden ;
;;
32.2;Vervaardiging van muziekinstrumenten;
32.20;Vervaardiging van muziekinstrumenten;
;;
32.3;Vervaardiging van sportartikelen;
32.30;Vervaardiging van sportartikelen;
;;
32.4;Vervaardiging van speelgoed en spellen;
32.40;Vervaardiging van speelgoed en spellen;
32.5;Vervaardiging van medische instrumenten en hulpmiddelen;
32.50;Vervaardiging van medische instrumenten en hulpmiddelen;
32.50.1;Tandtechnische bedrijven;
32.50.2;Vervaardiging van medische instrumenten en hulpmiddelen (geen tandtechniek);
;;
32.9;Vervaardiging van overige goederen;
32.91;Vervaardiging van borstelwaren;
32.99;Sociale werkvoorziening en vervaardiging van overige goederen (rest);
32.99.1;Sociale werkvoorziening;
32.99.9;Vervaardiging van overige goederen (rest);
;;
;  ;
33;Reparatie en installatie van machines en apparaten;
;;
33.1;Reparatie van producten van metaal, machines en apparatuur;
33.11;Reparatie van producten van metaal;
33.12;Reparatie en onderhoud van machines;
33.12.1;Reparatie en onderhoud van machines voor algemeen gebruik en machine-onderdelen (geen gereedschap);
33.12.2;Reparatie en onderhoud van pneumatisch en elektrisch gereedschap en gereedschapswerktuigen;
33.12.3;Reparatie en onderhoud van machines voor een specifieke bedrijfstak;
33.13;Reparatie van elektronische en optische apparatuur;
33.14;Reparatie van elektrische apparatuur;
33.15;Reparatie en onderhoud van schepen;
33.16;Reparatie en onderhoud van vliegtuigen;
33.17;Reparatie en onderhoud van overige transportmiddelen;
33.19;Reparatie van overige apparatuur;
;;
33.2;Installatie van industriële machines en apparatuur;
33.21;Installatie van ketels en tanks;
33.22;Installatie van industriële machines;
33.22.1;Installatie van machines voor algemeen gebruik (geen gereedschap);
33.22.2;Installatie van pneumatisch en elektrisch gereedschap en gereedschapswerktuigen;
33.22.3;Installatie van machines voor een specifieke bedrijfstak;
33.23;Installatie van elektronische en optische apparatuur;
33.24;Installatie van elektrische apparatuur;
33.29;Installatie van overige toebehoren;
;;
;;
D;Productie en distributie van en handel in elektriciteit, aardgas, stoom en gekoelde lucht ;
;;
35;Productie en distributie van en handel in elektriciteit, aardgas, stoom en gekoelde lucht;
;;
35.1;"Productie van elektriciteit; transmissie en distributie van elektriciteit en aardgas";
35.11;Productie van elektriciteit;
35.11.1;Productie van elektriciteit door thermische, kern- en warmtekrachtcentrales;
35.11.2;Productie van elektriciteit door windenergie ;
35.11.3;Productie van elektriciteit door zonnecellen, warmtepompen en waterkracht;
35.12;Beheer en exploitatie van transportnetten voor elektriciteit, aardgas en warm water;
35.13;Distributie van elektriciteit en gasvormige brandstoffen via leidingen;
35.14;Handel in elektriciteit en in gas via leidingen;
;;
35.2;Productie van aardgas;
35.20;Productie van aardgas;
35.3;Productie en distributie van stoom en gekoelde lucht;
35.30;Productie en distributie van stoom en gekoelde lucht;
;;
;;
E;"Winning en distributie van water; afval- en afvalwaterbeheer en sanering ";
;;
36;Winning en distributie van water;
;;
36.0;Winning en distributie van water;
36.00;Winning en distributie van water;
;;
;;
37;Afvalwaterinzameling en -behandeling;
;;
37.0;Afvalwaterinzameling en -behandeling;
37.00;Afvalwaterinzameling en -behandeling;
;;
;;
38;"Afvalinzameling en -behandeling; voorbereiding tot recycling";
;;
38.1;Inzameling van afval;
38.11;Inzameling van onschadelijk afval;
38.12;Inzameling van schadelijk afval;
;;
38.2;Behandeling van afval;
38.21;Behandeling van onschadelijk afval;
38.22;Behandeling van schadelijk afval;
;;
38.3;Voorbereiding tot recycling;
38.31;Sloop van schepen, witgoed, computers e.d. ;
38.32;Gesorteerd materiaal voorbereiden tot recycling;
;;
;;
39;Sanering en overig afvalbeheer;
;;
39.0;Sanering en overig afvalbeheer;
39.00;Sanering en overig afvalbeheer;
;;
;;
F;Bouwnijverheid;
;;
41;Algemene burgerlijke en utiliteitsbouw en projectontwikkeling;
;;
41.1;Projectontwikkeling;
41.10;Projectontwikkeling;
;;
41.2;Algemene burgerlijke en utiliteitsbouw;
41.20;Algemene burgerlijke en utiliteitsbouw;
;;
;;
42;Grond-, water- en wegenbouw (geen grondverzet) ;
42.1;Bouw van wegen, spoorwegen en kunstwerken;
42.11;Wegenbouw en stratenmaken;
42.11.1;Wegenbouw;
42.11.2;Stratenmaken;
42.12;Bouw van boven- en ondergrondse spoorwegen;
42.13;Bouw van kunstwerken;
;;
42.2;Leggen van kabels en buizen ;
42.21;"Leggen van rioleringen, buizen en pijpleidingen; aanleg van bronbemaling";
42.22;Leggen van elektriciteits- en telecommunicatiekabels ;
;;
42.9 ;Bouw van overige civieltechnische werken;
42.91;Natte waterbouw;
42.99;Bouw van overige civieltechnische werken (rest);
;;
;;
43;Gespecialiseerde werkzaamheden in de bouw;
;;
43.1;Slopen van bouwwerken, grondverzet en proefboren;
43.11;Slopen van bouwwerken;
43.12;Grondverzet;
43.13;Proefboren;
;;
43.2;Bouwinstallatie;
43.21;Elektrotechnische bouwinstallatie;
43.22;"Loodgieters- en fitterswerk; installatie van sanitair en van verwarmings- en luchtbehandelingsapparatuur";
43.22.1;"Loodgieters- en fitterswerk; installatie van sanitair ";
43.22.2;Installatie van verwarmings- en luchtbehandelingsapparatuur;
43.29;Overige bouwinstallatie;
;;
43.3;Afwerking van gebouwen;
43.31;Stukadoren;
43.32;Bouwtimmeren;
43.33;Afwerking van vloeren en wanden ;
43.34;Schilderen en glaszetten;
43.39;Overige afwerking van gebouwen;
;;
43.9 ;Dakbouw en overige gespecialiseerde werkzaamheden in de bouw;
43.91;Dakdekken en bouwen van dakconstructies ;
43.99;Overige gespecialiseerde werkzaamheden in de bouw;
43.99.1;Heien en andere funderingswerkzaamheden;
43.99.2;Vlechten van betonstaal;
43.99.3;Metselen en voegen;
43.99.9;Overige gespecialiseerde werkzaamheden in de bouw (rest);
;;
;;
G;"Groot- en detailhandel; reparatie van auto’s ";
;;
45 ;Handel in en reparatie van auto’s, motorfietsen en aanhangers;
;;
45.1;Handel in auto’s en aanhangers, eventueel gecombineerd met reparatie;
45.11;Handel in en reparatie van personenauto's en lichte bedrijfsauto’s;
45.11.1;Import van nieuwe personenauto's en lichte bedrijfsauto’s;
45.11.2;Handel in en reparatie van personenauto's en lichte bedrijfsauto’s (geen import van nieuwe);
45.19;Handel in en reparatie van zwaardere bedrijfsauto’s, aanhangers en caravans;
45.19.1;Import van nieuwe bedrijfsauto's;
45.19.2;Handel in en reparatie van zwaardere bedrijfsauto's (geen import van nieuwe) ;
45.19.3;Handel in en reparatie van aanhangwagens en opleggers (geen caravans);
45.19.4;Handel in en reparatie van caravans;
45.2;Gespecialiseerde reparatie van auto's;
45.20;Gespecialiseerde reparatie van auto's;
45.20.1;Auto-onderdelenservicebedrijven;
45.20.2;Bandenservicebedrijven;
45.20.3;Reparatie van specifieke auto-onderdelen;
45.20.4;Carrosserieherstel;
45.20.5;"Overige gespecialiseerde reparatie; wassen en slepen van auto's";
;;
45.3;Handel in auto-onderdelen en -accessoires ;
45.31;Groothandel en handelsbemiddeling in auto-onderdelen en -accessoires;
45.31.1;Groothandel en handelsbemiddeling in auto-onderdelen en -accessoires (geen banden);
45.31.2;Groothandel en handelsbemiddeling in banden;
45.32;Detailhandel in auto-onderdelen en -accessoires;
;;
45.4;Handel in en reparatie van motorfietsen en onderdelen daarvan ;
45.40;Handel in en reparatie van motorfietsen en onderdelen daarvan;
45.40.1;Groothandel en handelsbemiddeling in motorfietsen en onderdelen daarvan;
45.40.2;Detailhandel in en reparatie van motorfietsen en onderdelen daarvan;
;;
;;
46;Groothandel en handelsbemiddeling (niet in auto's en motorfietsen);
;;
46.1;Handelsbemiddeling;
46.11;Handelsbemiddeling in landbouwproducten, levende dieren en grondstoffen voor textiel en voedingsmiddelen ;
46.12;Handelsbemiddeling in brandstoffen, ertsen, metalen en chemische producten ;
46.13;Handelsbemiddeling in hout, vlakglas, sanitair en bouwmaterialen ;
46.14;Handelsbemiddeling in machines, technische benodigdheden, schepen en vliegtuigen;
46.15;Handelsbemiddeling in meubels, huishoudelijke artikelen en ijzerwaren ;
46.16;Handelsbemiddeling in textiel, kleding, schoeisel en lederwaren;
46.17;Handelsbemiddeling in voedings- en genotmiddelen;
46.18;Handelsbemiddeling gespecialiseerd in overige goederen;
46.19;Niet-gespecialiseerde handelsbemiddeling ;
;;
46.2 ;Groothandel in landbouwproducten en levende dieren;
46.21;Groothandel in granen, ruwe tabak, oliën, zaden en veevoer;
46.21.1;Groothandel in granen                                                  ;
46.21.2;Groothandel in zaden, pootgoed en peulvruchten ;
46.21.3;Groothandel in hooi, stro en ruwvoeder ;
46.21.4;Groothandel in meng- en krachtvoeder ;
46.21.5;Groothandel in veevoeder (geen ruw-, meng- en krachtvoeder) ;
46.21.6;Groothandel in ruwe plantaardige en dierlijke oliën en vetten en oliehoudende grondstoffen;
46.21.7;Groothandel in ruwe tabak;
46.21.8;Groothandel in akkerbouwproducten en veevoeder algemeen assortiment;
46.21.9;Groothandel in overige akkerbouwproducten;
46.22;Groothandel in bloemen en planten;
46.23;Groothandel in levende dieren;
46.23.1;Groothandel in levend vee;
46.23.2 ;Groothandel in huisdieren, siervissen, siervogels en wilde dieren;
46.24;Groothandel in huiden, vellen, leer en halffabrikaten van leer;
46.24.1;Groothandel in huiden en vellen;
46.24.2;Groothandel in leer en halffabrikaten van leer;
;;
46.3 ;Groothandel in voedings- en genotmiddelen;
46.31;Groothandel in groenten en fruit en in consumptie-aardappelen;
46.31.1;Groothandel in groenten en fruit;
46.31.2;Groothandel in consumptie-aardappelen;
46.32;Groothandel in vlees en vleeswaren en in wild en gevogelte (niet levend);
46.33;Groothandel in zuivelproducten, spijsoliën en -vetten en eieren;
46.33.1;Groothandel in zuivelproducten en spijsoliën en -vetten;
46.33.2;Groothandel in eieren;
46.34;Groothandel in dranken (geen zuivel);
46.35;Groothandel in tabaksproducten en rokersbenodigdheden;
46.36;Groothandel in suiker, chocolade en suikerwerk;
46.37;Groothandel in koffie, thee, cacao en specerijen (geen ruwe);
46.38;Groothandel in overige voedingsmiddelen en in overige grondstoffen en halffabrikaten voor de voedingsmiddelenindustrie;
46.38.1;Groothandel in snacks ;
46.38.2;Groothandel in vis, schaal- en weekdieren ;
46.38.3;Gespecialiseerde groothandel in overige voedings- en genotmiddelen (rest);
46.38.4;Groothandel in bakkerijgrondstoffen ;
46.38.9;Gespecialiseerde groothandel in overige grondstoffen en halffabrikaten voor de voedingsmiddelenindustrie (rest) ;
46.39;Groothandel in voedings- en genotmiddelen algemeen assortiment;
;;
46.4 ;Groothandel in consumentenartikelen (non-food);
46.41;Groothandel in kledingstoffen, fournituren en huishoudtextiel;
46.41.1;Groothandel in kledingstoffen en fournituren;
46.41.2;Groothandel in huishoudtextiel en beddengoed;
46.42;Groothandel in kleding, schoenen en mode-artikelen;
46.42.1;Groothandel in bovenkleding;
46.42.2;Groothandel in werkkleding;
46.42.3;Groothandel in onderkleding;
46.42.4;Groothandel in schoenen;
46.42.5;Groothandel in mode-artikelen;
46.42.9;Groothandel in textielwaren algemeen assortiment;
46.43;Groothandel in elektrische huishoudelijke apparatuur, audio- en videoapparatuur en fotografische en optische artikelen;
46.43.1;Groothandel in witgoed ;
46.43.2;Groothandel in elektrische huishoudelijke apparatuur (geen witgoed, audio en video);
46.43.3;Groothandel in audio- en video-apparatuur ;
46.43.4;Groothandel in fotografische artikelen;
46.43.5;Groothandel in beeld- en geluidsdragers;
46.43.6;Groothandel in optische artikelen;
46.44;Groothandel in glas, porselein en aardewerk en in reinigingsmiddelen ;
46.44.1;Groothandel in glas, porselein en aardewerk;
46.44.2;Groothandel in was-, poets- en reinigingsmiddelen;
46.45;Groothandel in parfums en cosmetica;
46.46;Groothandel in farmaceutische producten, medische instrumenten en orthopedische artikelen ;
46.46.1;Groothandel in farmaceutische producten;
46.46.2;Groothandel in medische en tandheelkundige instrumenten, verpleeg- en orthopedische artikelen en laboratoriumbenodigdheden;
46.47;Groothandel in huismeubilair, woningtextiel, vloerbedekking en verlichting ;
46.47.1;Groothandel in huismeubilair;
46.47.2;Groothandel in woningtextiel en vloerbedekking;
46.47.3;Groothandel in verlichtingsartikelen;
46.48;Groothandel in juweliersartikelen en uurwerken;
46.49;Groothandel in overige consumentenartikelen (non-food);
46.49.1;Groothandel in fietsen en bromfietsen;
46.49.2;Groothandel in watersportartikelen;
46.49.3;Groothandel in kampeerartikelen (geen caravans);
46.49.4;Groothandel in speelgoed;
46.49.5;Groothandel in muziekinstrumenten;
46.49.6;Groothandel in sportartikelen (geen watersport);
46.49.7;Groothandel in papier- en kartonwaren (geen verpakkingsmateriaal);
46.49.8;Groothandel in boeken, tijdschriften en overig drukwerk;
46.49.9;Groothandel in overige consumentenartikelen (rest, non-food);
;;
46.5 ;Groothandel in ICT-apparatuur;
46.51;Groothandel in computers, randapparatuur en software;
46.52;Groothandel in elektronische en telecommunicatieapparatuur en bijbehorende onderdelen;
;;
46.6 ;Groothandel in machines, apparaten en toebehoren voor industrie en handel;
46.61;Groothandel in landbouwmachines, werktuigen en tractoren;
46.62;Groothandel in gereedschapswerktuigen;
46.63;Groothandel in machines voor de bouw;
46.64;Groothandel in machines voor de textielindustrie en in naai- en breimachines;
46.65;Groothandel in bedrijfsmeubels;
46.66;Groothandel in kantoormachines (geen computers);
46.68;Groothandel in machines voor de grafische en voedings- en genotmiddelenindustrie ;
46.68.1;Groothandel in machines voor de grafische industrie;
46.68.2;Groothandel in machines voor de voedings- en genotmiddelenindustrie;
46.69;Groothandel in overige machines, apparaten en toebehoren voor industrie en handel ;
46.69.1;Groothandel in intern transportmaterieel;
46.69.2;Groothandel in machines en apparaten voor de warmte-, koel- en vriestechniek;
46.69.3;Groothandel in verbrandingsmotoren, pompen en compressoren;
46.69.4;Groothandel in appendages, technische toebehoren e.d.;
46.69.5;Groothandel in meet- en regelapparaten;
46.69.6;Groothandel in emballage;
46.69.7;Groothandel in scheepsbenodigdheden en visserij-artikelen;
46.69.9;Groothandel in overige machines, apparaten en toebehoren voor industrie en handel (rest);
;;
46.7 ;Overige gespecialiseerde groothandel;
46.71;Groothandel in brandstoffen en overige minerale olieproducten;
46.71.1;Groothandel in vaste brandstoffen ;
46.71.2;Groothandel in vloeibare en gasvormige brandstoffen;
46.71.3;Groothandel in minerale olieproducten (geen brandstoffen);
46.72;Groothandel in metalen en metaalertsen;
46.72.1;Groothandel in metaalertsen;
46.72.2;Groothandel in ferrometalen en -halffabrikaten;
46.72.3;Groothandel in non-ferrometalen en -halffabrikaten;
46.73;Groothandel in hout, sanitair en overige bouwmaterialen;
46.73.1;Groothandel in hout en plaatmateriaal;
46.73.2;Groothandel in verf en verfwaren;
46.73.3;Groothandel in behang;
46.73.4;Groothandel in vlakglas;
46.73.5;Groothandel in zand en grind;
46.73.6;Groothandel in tegels en plavuizen;
46.73.7;Groothandel in sanitaire artikelen en sanitair installatiemateriaal ;
46.73.8;Groothandel gespecialiseerd in overige bouwmaterialen;
46.73.9;Groothandel in bouwmaterialen algemeen assortiment ;
46.74;Groothandel in ijzer- en metaalwaren en verwarmingsapparaten;
46.74.1;Groothandel in ijzer- en metaalwaren;
46.74.2;Groothandel in verwarmingsapparaten;
46.75;Groothandel in chemische producten;
46.75.1;Groothandel in chemische grondstoffen en chemicaliën voor industriële toepassing;
46.75.2;Groothandel in bestrijdingsmiddelen en meststoffen;
46.76;Groothandel in overige intermediaire producten;
46.76.1;Groothandel in textielgrondstoffen en -halffabrikaten;
46.76.2;Groothandel in papier en karton;
46.76.9;Groothandel in overige intermediaire producten (rest);
46.77;Groothandel in afval en schroot;
46.77.1;Groothandel in autosloopmateriaal;
46.77.2;Groothandel in ijzer- en staalschroot en oude non-ferrometalen;
46.77.9;Groothandel in overige oude materialen en afvalstoffen;
;;
46.9;Niet-gespecialiseerde groothandel;
46.90;Niet-gespecialiseerde groothandel;
46.90.1;Niet-gespecialiseerde groothandel in consumentenartikelen;
46.90.2;Niet-gespecialiseerde groothandel in niet-consumentenartikelen;
;;
;;
47;Detailhandel (niet in auto's);
;;
47.1 ;Supermarkten, warenhuizen en dergelijke winkels met een algemeen assortiment;
47.11;Supermarkten en dergelijke winkels met een algemeen assortiment voedings- en genotmiddelen;
47.19;Warenhuizen en dergelijke winkels met een algemeen assortiment non-food;
47.19.1;Warenhuizen;
47.19.2;Winkels met een algemeen assortiment non-food (geen warenhuizen);
;;
47.2 ;Gespecialiseerde winkels in voedings- en genotmiddelen ;
47.21;Winkels in aardappelen, groenten en fruit ;
47.22;Winkels in vlees en vleeswaren, wild en gevogelte ;
47.22.1;Winkels in vlees en vleeswaren;
47.22.2;Winkels in wild en gevogelte;
47.23;Winkels in vis;
47.24;Winkels in brood, banket, chocolade en suikerwerk ;
47.24.1;Winkels in brood en banket;
47.24.2;Winkels in chocolade en suikerwerk;
47.25;Winkels in dranken;
47.26;Winkels in tabaksproducten;
47.29;Gespecialiseerde winkels in overige voedings- en genotmiddelen ;
47.29.1;Winkels in kaas;
47.29.2;Winkels in natuurvoeding en reformartikelen;
47.29.3;Winkels in buitenlandse voedingsmiddelen;
47.29.9;Gespecialiseerde winkels in overige voedings- en genotmiddelen (rest);
;;
47.3 ;Benzinestations;
47.30;Benzinestations;
;;
47.4 ;Winkels in consumentenelektronica;
47.41;Winkels in computers, randapparatuur en software;
47.42;Winkels in telecommunicatieapparatuur ;
47.43;Winkels in audio- en videoapparatuur of in een algemeen assortiment van wit- en  bruingoed;
47.43.1;Winkels in audio- en videoapparatuur;
47.43.2;Winkels in een algemeen assortiment van wit- en bruingoed ;
;;
47.5 ;Winkels in overige huishoudelijke artikelen;
47.51;Winkels in kledingstoffen, huishoudtextiel en fournituren ;
47.51.1;Winkels in kledingsstoffen;
47.51.2;Winkels in  huishoudtextiel;
47.51.3;Winkels in breiwol, handwerken en fournituren;
47.52;Winkels in doe-het-zelfartikelen;
47.52.1;Winkels in ijzerwaren en gereedschappen;
47.52.2;Winkels in verf, verfwaren en behang;
47.52.3;Winkels in houten bouw- en tuinmaterialen;
47.52.4;Winkels in tegels;
47.52.5;Winkels in keukens;
47.52.6;Winkels in parket-, laminaat- en kurkvloeren;
47.52.7;Winkels gespecialiseerd in overige doe-het-zelfartikelen;
47.52.8;Bouwmarkten en andere winkels in bouwmaterialen algemeen assortiment;
47.53;Winkels in vloerbedekking en gordijnen ;
47.54;Winkels in elektrische huishoudelijke apparatuur en onderdelen daarvoor;
47.54.1;Winkels in witgoed;
47.54.2;Winkels in naai- en breimachines;
47.54.3;Winkels in overige elektrische huishoudelijke apparatuur;
47.54.4;Winkels in onderdelen voor elektrische huishoudelijke apparatuur;
47.59;Winkels in meubels, verlichting en overige huishoudelijke artikelen (rest);
47.59.1;Winkels in meubels;
47.59.2;Winkels in verlichtingsartikelen;
47.59.3;Winkels in artikelen voor woninginrichting algemeen assortiment;
47.59.4;Winkels in muziekinstrumenten;
47.59.5;Winkels in glas-, porselein- en aardewerk;
47.59.6;Winkels gespecialiseerd in overige huishoudelijke artikelen (rest);
47.59.7;Winkels in huishoudelijke artikelen algemeen assortiment;
;;
47.6 ;Winkels in lectuur, sport-, kampeer- en recreatie-artikelen;
47.61;Winkels in boeken ;
47.62;Winkels in kranten, tijdschriften en kantoorbehoeften ;
47.63;Winkels in audio- en video-opnamen;
47.64;Winkels in fietsen en bromfietsen, sport- en kampeerartikelen en boten ;
47.64.1;Winkels in fietsen en bromfietsen;
47.64.2;Winkels in watersportartikelen;
47.64.3;Winkels in sportartikelen (geen watersport);
47.64.4;Winkels in kampeerartikelen (geen caravans);
47.65;Winkels in speelgoed;
;;
47.7 ;Winkels in overige artikelen;
47.71;"Winkels in kleding en mode-artikelen; textielsupermarkten";
47.71.1;Winkels in herenkleding ;
47.71.2;Winkels in dameskleding ;
47.71.3;Winkels in bovenkleding en mode-artikelen (algemeen assortiment) ;
47.71.4;Winkels in baby- en kinderkleding;
47.71.5;Winkels in babyartikelen algemeen assortiment;
47.71.6;Winkels in onderkleding, foundations e.d.;
47.71.7;Winkels in mode-artikelen;
47.71.8;Textielsupermarkten;
47.72;Winkels in schoenen en lederwaren ;
47.72.1;Winkels in schoenen;
47.72.2;Winkels in lederwaren en reisartikelen;
47.73;Apotheken;
47.74;Winkels in drogisterij-, medische en orthopedische artikelen;
47.74.1;Winkels in drogisterij-artikelen ;
47.74.2;Winkels in medische en orthopedische artikelen;
47.75;Winkels in parfums en cosmetica;
47.76;Winkels in bloemen, planten, zaden, tuinbenodigdheden, huisdieren en dierbenodigdheden ;
47.76.1;Winkels in bloemen en planten, zaden en tuinbenodigdheden;
47.76.2;Tuincentra;
47.76.3;Winkels in dieren, dierbenodigdheden en hengelsportartikelen;
47.77;Winkels in juweliersartikelen en uurwerken ;
47.78;Winkels in overige artikelen (rest);
47.78.1;Winkels in fotografische artikelen;
47.78.2;Winkels in optische artikelen;
47.78.3;Winkels in schilderijen, lijsten, prenten, kunstvoorwerpen en religieuze artikelen;
47.78.9;Winkels gespecialiseerd in overige artikelen (rest);
47.79;Winkels in antiek en tweedehands goederen ;
47.79.1;Winkels in antiek;
47.79.2;Winkels in tweedehands kleding;
47.79.3;Winkels in tweedehands goederen (geen kleding);
;;
47.8 ;Markthandel;
47.81;Markthandel in voedings- en genotmiddelen;
47.81.1;Markthandel in aardappelen, groenten en fruit;
47.81.9;Markthandel in overige voedings- en genotmiddelen;
47.82;Markthandel in textiel, kleding en schoenen;
47.89;Markthandel in non-food artikelen (geen textiel, kleding en schoenen);
47.89.1;Markthandel in bloemen, planten, zaden en tuinbenodigdheden;
47.89.2;Markthandel in tweedehands goederen;
47.89.9;Markthandel in overige goederen;
;;
47.9 ;Detailhandel niet via winkel of markt;
47.91;Detailhandel via internet;
47.91.1;Detailhandel via internet in voedingsmiddelen en drogisterijwaren ;
47.91.2;Detailhandel via internet in consumentenelektronica ;
47.91.3;Detailhandel via internet in boeken, tijdschriften, cd's, dvd’s ;
47.91.4;Detailhandel via internet in kleding en mode-artikelen;
47.91.5;Detailhandel via internet in huis- en tuinartikelen;
47.91.6;Detailhandel via internet in vrijetijdsartikelen;
47.91.8;Detailhandel via internet in overige non-food;
47.91.9;Detailhandel via internet in een algemeen assortiment non-food;
47.99;Colportage, straathandel en detailhandel via overige distributievormen;
47.99.1 ;Colportage;
47.99.2;Straathandel;
47.99.9;Detailhandel via overige distributievormen;
;;
;;
H;Vervoer en opslag ;
;;
49 ;Vervoer over land;
;;
49.1 ;Personenvervoer per spoor (geen tram of metro);
49.10;Personenvervoer per spoor (geen tram of metro);
;;
49.2 ;Goederenvervoer per spoor;
49.20;Goederenvervoer per spoor;
 ;;
49.3;Personenvervoer over de weg;
49.31;Openbaar vervoer binnen steden;
49.32;Vervoer per taxi;
49.39;Vervoer per bus, tram en metro (geen stadsvervoer);
49.39.1;Ongeregeld besloten busvervoer;
49.39.2;Streekvervoer per bus, tram en metro;
49.39.3;Geregeld besloten busvervoer;
;;
49.4 ;Goederenvervoer over de weg;
49.41;Goederenvervoer over de weg (geen verhuizingen);
49.42;Verhuisvervoer;
;;
49.5 ;Transport via pijpleidingen;
49.50;Transport via pijpleidingen;
;;
;;
50;Vervoer over water;
;;
50.1 ;Zee- en kustvaart (passagiersvaart en veerdiensten);
50.10;Zee- en kustvaart (passagiersvaart en veerdiensten);
;;
50.2;Zee- en kustvaart (vracht-, tank- en sleepvaart);
50.20;Zee- en kustvaart (vracht-, tank- en sleepvaart);
50.20.1;"Zee- en kustvaart (vracht- en tankvaart; geen sleepvaart)";
50.20.2;Zee- en kustsleepvaart ;
;;
50.3 ;Binnenvaart (passagiersvaart en veerdiensten);
50.30;Binnenvaart (passagiersvaart en veerdiensten);
;;
50.4;Binnenvaart (vracht-, tank- en sleepvaart);
50.40;Binnenvaart (vracht-, tank- en sleepvaart);
50.40.1;Binnenvaart (vrachtvaart);
50.40.2;Binnenvaart (tankvaart) ;
50.40.3;Binnenvaart (sleep- en duwvaart);
;;
;;
51;Luchtvaart;
;;
51.1 ;Personenvervoer door de lucht;
51.10;Personenvervoer door de lucht;
;;
51.2;Goederenvervoer door de lucht;
51.21;Goederenvervoer door de lucht;
;;
;;
52 ;Opslag en dienstverlening voor vervoer;
;;
52.1 ;Opslag;
52.10;Opslag;
52.10.1;Opslag in tanks;
52.10.2;Opslag in koelhuizen e.d.;
52.10.9;Opslag in distributiecentra en overige opslag (niet in tanks, koelhuizen e.d.);
;;
52.2 ;Dienstverlening voor vervoer;
52.21;Dienstverlening voor vervoer over land;
52.22;Dienstverlening voor vervoer over water;
52.23;Dienstverlening voor de luchtvaart;
52.24;Laad-, los- en overslagactiviteiten ;
52.24.1;Laad-, los- en overslagactiviteiten voor zeevaart;
52.24.2;Laad-, los- en overslagactiviteiten niet voor zeevaart;
52.29;"Expediteurs, cargadoors en bevrachters; weging en meting";
52.29.1;Expediteurs, cargadoors, bevrachters en andere tussenpersonen in het goederenvervoer;
52.29.2;Weging en meting;
;;
;;
53 ;Post en koeriers;
;;
53.1;Nationale post met universele dienstverplichting;
53.10;Nationale post met universele dienstverplichting ;
;;
53.2;Post zonder universele dienstverplichting en koeriers;
53.20;Post zonder universele dienstverplichting en koeriers ;
53.20.1;Post zonder universele dienstverplichting ;
53.20.2;Koeriers;
;;
;;
I ;Logies-, maaltijd- en drankverstrekking ;
;;
55 ;Logiesverstrekking;
;;
55.1 ;Hotels e.d.;
55.10;Hotels e.d.;
55.10.1;Hotel-restaurants;
55.10.2;Hotels (geen hotel-restaurants), pensions en conferentie-oorden;
;;
55.2;"Verhuur van vakantiehuisjes en appartementen; jeugdherbergen en vakantiekampen ";
55.20;"Verhuur van vakantiehuisjes en appartementen; jeugdherbergen en vakantiekampen ";
55.20.1 ;Verhuur van vakantiehuisjes en appartementen;
55.20.2;Jeugdherbergen , vakantiekampen, groepsaccommodaties;
;;
55.3 ;Kampeerterreinen;
55.30;Kampeerterreinen;
;;
55.9 ;Overige logiesverstrekking;
55.90;Overige logiesverstrekking;
;;
;;
56;Eet- en drinkgelegenheden;
;;
56.1 ;Restaurants, cafetaria’s e.d.;
56.10;Restaurants, cafetaria’s e.d. en ijssalons ;
56.10.1;Restaurants;
56.10.2;Cafetaria's, lunchrooms, snackbars, ijssalons, eetkramen e.d.  ;
;;
56.2 ;Kantines en catering;
56.21;Eventcatering;
56.29;Kantines en contractcatering ;
;;
56.3;Cafés;
56.30;Cafés;
J ;Informatie en communicatie;
  ;;
58;Uitgeverijen;
;;
58.1 ;"Uitgeverijen van boeken, tijdschriften e.d.; databanken";
58.11;Uitgeverijen van boeken;
58.12;Databanken;Databanken
58.13;Uitgeverijen van kranten;
58.14;Uitgeverijen van tijdschriften;
58.19;Overige uitgeverijen (niet van software);
;;
58.2 ;Uitgeverijen van software;
58.21;Uitgeverijen van computerspellen;
58.29;Overige uitgeverijen van software;
;;
;;
59;"Productie en distributie van films en televisieprogramma´s; maken en uitgeven van geluidsopnamen";
;;
59.1;Productie en distributie van films en televisieprogramma's;
59.11;Productie van films en televisieprogramma's;
59.11.1;Productie van films (geen televisiefilms);
59.11.2;Productie van televisieprogramma’s;
59.12;Facilitaire activiteiten voor film- en televisieproductie;
59.13;Distributie van films en televisieproducties;
59.14;Bioscopen;
;;
59.2;Maken en uitgeven van geluidsopnamen ;
59.20;Maken en uitgeven van geluidsopnamen ;
;;
;;
60;Verzorgen en uitzenden van radio- en televisieprogramma's;
;;
60.1 ;Radio-omroepen;
60.10;Radio-omroepen;
;;
60.2;Televisie-omroepen;
60.20;Televisie-omroepen;
;;
;;
61 ;Telecommunicatie;
;;
61.1 ;Draadgebonden telecommunicatie;
61.10;Draadgebonden telecommunicatie;
;;
61.2 ;Draadloze telecommunicatie;
61.20;Draadloze telecommunicatie;
;;
61.3;Telecommunicatie via satelliet;
61.30;Telecommunicatie via satelliet;
;;
61.9 ;Overige telecommunicatie;
61.90;Overige telecommunicatie;
;;
;;
62 ;Dienstverlenende activiteiten op het gebied van informatietechnologie;
;;
62.0 ;Dienstverlenende activiteiten op het gebied van informatietechnologie;
62.01;Ontwikkelen, produceren en uitgeven van software;
62.02;Advisering op het gebied van informatietechnologie;
62.03;Beheer van computerfaciliteiten;
62.09;Overige dienstverlenende activiteiten op het gebied van informatietechnologie;
;;
;;
63;Dienstverlenende activiteiten op het gebied van informatie;
;;
63.1 ;"Gegevensverwerking, webhosting en aanverwante activiteiten; webportals";
63.11;Gegevensverwerking, webhosting en aanverwante activiteiten;
63.12;Webportals;
;;
63.9;Overige dienstverlenende activiteiten op het gebied van informatie;
63.91;Persagentschappen;
63.99;Overige dienstverlenende activiteiten op het gebied van informatie (rest);
;;
;;
K;Financiële instellingen ;
;;
64;Financiële instellingen (geen verzekeringen en pensioenfondsen);
;;
64.1 ;Geldscheppende financiële instellingen;
64.11;Centrale banken;
64.19;Overige geldscheppende financiële instellingen;
64.19.1;Coöperatief georganiseerde banken;
64.19.2;Effectenkredietinstellingen;
64.19.3;Spaarbanken;
64.19.4;Algemene banken;
;;
64.2;Financiële holdings;
64.20;Financiële holdings;
;;
64.3;Beleggingsinstellingen;
64.30;Beleggingsinstellingen;
64.30.1 ;Beleggingsinstellingen in financiële activa;
64.30.2;Beleggingsinstellingen in vaste activa;
64.30.3;Beleggingsinstellingen met beperkte toetreding;
;;
64.9;Kredietverstrekking en overige financiële intermediatie;
64.91;Financiële lease;
64.92;Overige kredietverstrekking;
64.92.1;Hypotheekbanken en bouwfondsen;
64.92.2;Volkskredietbanken en commerciële financieringsmaatschappijen;
64.92.3;Participatiemaatschappijen;
64.92.4;Wisselmakelaars en overige kredietverstrekking;
64.99;Overige financiële intermediatie;
;;
;;
65 ;Verzekeringen en pensioenfondsen (geen verplichte sociale verzekeringen);
;;
65.1 ;Verzekeringen (geen herverzekering);
65.11;Levensverzekeringen (geen herverzekering), naturaverzekeringen en spaarkassen;
65.11.1;Levensverzekeringen (geen herverzekering) ;
65.11.2;Naturaverzekeringen ;
65.11.3;Spaarkassen;
65.12;Schadeverzekeringen (geen herverzekering);
;;
65.2 ;Herverzekering;
65.20;Herverzekering;
;;
65.3 ;Pensioenfondsen;
65.30;Pensioenfondsen;
65.30.1;Bedrijfstakpensioenfondsen;
65.30.2;Ondernemingspensioenfondsen en -spaarfondsen;
65.30.3;Beroepspensioenfondsen;
65.30.9;Overige pensioenfondsen;
;;
;;
66 ;Overige financiële dienstverlening;
;;
66.1 ;Financiële bemiddeling, advisering e.d. (niet voor verzekeringen en pensioenfondsen);
66.11;Beheer van financiële markten;
66.12;Commissionairs en makelaars in effecten, beleggingsadviseurs e.d.;
66.19;Administratiekantoren voor aandelen en obligaties, marketmakers, hypotheek- en kredietbemiddeling, geldwisselkantoren, bank- en spaaragentschappen e.d.;
66.19.1;Administratiekantoren voor aandelen en obligaties;
66.19.2;Marketmakers;
66.19.3;Hypotheek- en kredietbemiddeling, geldwisselkantoren, bank- en spaaragentschappen e.d.;
;;
66.2;Dienstverlening op het gebied van verzekeringen en pensioenfondsen;
66.21;Risicoanalisten en schadetaxateurs;
66.22;Assurantietussenpersonen;
66.29;Overige dienstverlening op het gebied van verzekeringen en pensioenfondsen (geen taxateurs en assurantietussenpersonen);
66.29.1;Verzekeringsbeurzen;
66.29.2;"Actuariële en pensioenadviesbureaus; beheer en administratie van pensioenvermogens";
66.29.3;Waarborgfondsen;
66.29.9;Overige dienstverlening  op het gebied van verzekeringen en pensioenfondsen (rest);
;;
66.3 ;Vermogensbeheer;
66.30;Vermogensbeheer;
;;
L ;Verhuur van en handel in onroerend goed;
;;
68 ;Verhuur van en handel in onroerend goed;
;;
68.1 ;Handel in eigen onroerend goed;
68.10;Handel in eigen onroerend goed;
;;
68.2 ;Verhuur van onroerend goed;
68.20;Verhuur van onroerend goed;
68.20.1;Woningbouwverenigingen en -stichtingen;
68.20.2;Gemeentelijke woningbedrijven;
68.20.3;Verhuur van overige woonruimte;
68.20.4;Verhuur van onroerend goed (niet van woonruimte);
;;
68.3;Bemiddeling in en beheer van onroerend;
68.31;Bemiddeling bij handel, huur of verhuur van onroerend goed;
68.32;Beheer van onroerend goed;
;;
  ;;
M ;Advisering, onderzoek en overige specialistische zakelijke dienstverlening ;
  ;;
69 ;Rechtskundige dienstverlening, accountancy, belastingadvisering en administratie ;
;;
69.1 ;Rechtskundige dienstverlening;
69.10 ;Rechtskundige dienstverlening;
69.10.1;Advocatenkantoren, bewindvoerders en curatoren ;
69.10.2;Rechtskundige adviesbureaus;
69.10.3;Notariskantoren;
69.10.4;Deurwaarderskantoren;
69.10.5;Octrooibureaus;
;;
69.2 ;Accountancy, belastingadvisering en administratie;
69.20;Accountancy, belastingadvisering en administratie;
69.20.1;Registeraccountants;
69.20.2;Accountants-administratieconsulenten;
69.20.3;Boekhoudkantoren ;
69.20.4;Belastingconsulenten;
69.20.9;Overige administratiekantoren;
;;
;;
70 ;Holdings (geen financiële), concerndiensten binnen eigen concern en managementadvisering;
;;
70.1 ;Holdings (geen financiële) en concerndiensten binnen eigen concern;
70.10 ;Holdings (geen financiële) en concerndiensten binnen eigen concern;
70.10.1;Concerndiensten binnen eigen concern;
70.10.2;Holdings (geen financiële);
;;
70.2 ;Advisering op het gebied van management en bedrijfsvoering;
70.21;Public relationsbureaus;
70.22;Advisering op het gebied van management en bedrijfsvoering (geen public relations);
70.22.1;Organisatie-adviesbureaus;
70.22.2;Advisering op het gebied van management en bedrijfsvoering (geen public relations en organisatie-adviesbureaus);
;;
;;
71;"Architecten, ingenieurs en technisch ontwerp en advies; keuring en controle";
;;
71.1 ;Architecten, ingenieurs en technisch ontwerp en advies;
71.11;Architecten ;
71.11.1;Architecten (geen interieurarchitecten);
71.11.2 ;Interieurarchitecten;
71.12;Ingenieurs en overig technisch ontwerp en advies;
;;
71.2 ;Keuring en controle;
71.20;Keuring en controle ;
71.20.1;Keuring en controle van agrarische producten en voedingsmiddelen;
71.20.2;Keuring en controle van machines, apparaten en materialen;
71.20.3;Overige keuring en controle;
;;
;;
72 ;Speur- en ontwikkelingswerk ;
;;
72.1;Natuurwetenschappelijk speur- en ontwikkelingswerk;
72.11;Biotechnologisch speur- en ontwikkelingswerk;
72.11.1;Biotechnologisch speur- en ontwikkelingswerk op het gebied van agrarische producten en processen;
72.11.2;Biotechnologisch speur- en ontwikkelingswerk op het gebied van medische producten en farmaceutische processen en van voeding;
72.11.3;Biotechnologisch speur- en ontwikkelingswerk voor overige toepassingen;
72.19;Natuurwetenschappelijk speur- en ontwikkelingswerk (niet biotechnologisch);
72.19.1;Speur- en ontwikkelingswerk op het gebied van landbouw en visserij (niet biotechnologisch);
72.19.2;Technisch speur- en ontwikkelingswerk;
72.19.3;Speur- en ontwikkelingswerk op het gebied van gezondheid en voeding (niet biotechnologisch);
72.19.9;Overig natuurwetenschappelijk speur- en ontwikkelingswerk (niet biotechnologisch);
;;
72.2;Speur- en ontwikkelingswerk op het gebied van de maatschappij- en geesteswetenschappen;
72.20;Speur- en ontwikkelingswerk op het gebied van de maatschappij- en geesteswetenschappen;
;;
;;
73 ;Reclame en marktonderzoek;
;;
73.1 ;Reclamebureaus en  handel in advertentieruimte en -tijd;
73.11;Reclamebureaus;
73.12;Handel in advertentieruimte en -tijd;
;;
73.2 ;Markt- en opinieonderzoekbureaus;
73.20;Markt- en opinieonderzoekbureaus;
;;
;;
74 ;Industrieel ontwerp en vormgeving, fotografie, vertaling en overige consultancy;
;;
74.1 ;Industrieel ontwerp en vormgeving;
74.10;Industrieel ontwerp en vormgeving;
74.10.1;Communicatie- en grafisch ontwerp;
74.10.2 ;Industrieel en productontwerp;
74.10.3 ;Interieur- en ruimtelijk ontwerp;
;;
;;
;;
74.2 ;Fotografie en ontwikkelen van foto's en films;
74.20;Fotografie en ontwikkelen van foto's en films;
74.20.1;Fotografie;
74.20.2;Ontwikkelwinkels;
74.20.3;Ontwikkelcentrales;
;;
74.3 ;Vertalers en tolken;
74.30;Vertalers en tolken;
;;
74.9;Overige specialistische zakelijke dienstverlening;
74.90;Overige specialistische zakelijke dienstverlening;
;;
;;
75;Veterinaire dienstverlening;
;;
75.0;Veterinaire dienstverlening;
75.00;Veterinaire dienstverlening;
;;
;;
;;
N;Verhuur van roerende goederen en overige zakelijke dienstverlening ;
;;
77;Verhuur en lease van auto's, consumentenartikelen, machines en overige roerende goederen;
;;
77.1 ;Verhuur en lease van auto's;
77.11;Verhuur en lease van personenauto's en lichte bedrijfsauto’s;
77.11.1;Verhuur van personenauto’s en lichte bedrijfsauto’s (geen operational lease);
77.11.2;Operational lease van personenauto’s en lichte bedrijfsauto’s;
77.12;Verhuur en lease van vrachtwagens, autobussen, caravans en aanhangwagens;
;;
77.2 ;Verhuur van consumentenartikelen;
77.21;Verhuur van sport- en recreatieartikelen;
77.22;Videotheken;
77.29;Verhuur van overige consumentenartikelen;
77.29.1;Verhuur van leesportefeuilles;
77.29.2;Verhuur van kleding en huishoudelijke artikelen;
77.29.9;Verhuur van overige consumentenartikelen (rest) ;
;;
77.3;Verhuur en lease van machines en werktuigen en van overige goederen;
77.31;Verhuur en lease van landbouwmachines en ?werktuigen;
77.32;Verhuur en lease van machines en installaties voor de bouw;
77.33;Verhuur en lease van computers en kantoorapparatuur;
77.34;Verhuur en lease van schepen;
77.35;Verhuur en lease van vliegtuigen;
77.39;Verhuur en lease van overige machines en werktuigen en van overige goederen;
77.39.1;Verhuur van automaten;
77.39.9;Verhuur en lease van overige machines en werktuigen en van overige  goederen (geen automaten);
;;
77.4 ;Lease van niet-financiële immateriële activa;
77.40;Lease van niet-financiële immateriële activa;
;;
;;
78;Arbeidsbemiddeling, uitzendbureaus en personeelsbeheer;
;;
78.1 ;Arbeidsbemiddeling;
78.10;Arbeidsbemiddeling;
;;
78.2 ;Uitzendbureaus, uitleenbureaus en banenpools;
78.20;Uitzendbureaus, uitleenbureaus en banenpools;
78.20.1;Uitzendbureaus ;
78.20.2;Uitleenbureaus;
78.20.3;Banenpools (werkgelegenheidsprojecten);
;;
78.3;Payrolling (personeelsbeheer);
78.30;Payrolling (personeelsbeheer);
;;
;;
79;Reisbemiddeling, reisorganisatie, toeristische informatie en reserveringsbureaus;
;;
79.1;Reisbemiddeling en reisorganisatie;
79.11;Reisbemiddeling;
79.12;Reisorganisatie;
79.9 ;Informatieverstrekking op het gebied van toerisme en reserveringsbureaus;
79.90;Informatieverstrekking op het gebied van toerisme en reserveringsbureaus;
;;
;;
80 ;Beveiliging en opsporing;
;;
80.1;Particuliere beveiliging ;
80.10;Particuliere beveiliging ;
;;
80.2 ;Beveiliging via  beveiligingssystemen;
80.20;Beveiliging via  beveiligingssystemen;
;;
80.3 ;Opsporing;
80.30;Opsporing;
;;
;;
81;Facility management, reiniging en landschapsverzorging;
;;
81.1 ;Facility management;
81.10;Facility management;
;;
81.2 ;Reiniging;
81.21;Interieurreiniging van gebouwen;
81.22;Gespecialiseerde reiniging van gebouwen en industriële reiniging;
81.22.1  ;Glazenwassen;
81.22.2   ;Schoorsteenvegen;
81.22.9  ;Overige gespecialiseerde reiniging;
81.29;Overige reiniging ;
;;
81.3 ;Landschapsverzorging;
81.30;Landschapsverzorging;
;;
;;
82 ;Overige zakelijke dienstverlening;
;;
82.1 ;Brede administratieve en secretariële dienstverlening ;
82.11;Brede administratieve dienstverlening ;
82.19;Secretariële dienstverlening ;
;;
82.2 ;Callcenters;
82.20;Callcenters;
;;
82.3 ;Organiseren van congressen en beurzen;
82.30;Organiseren van congressen en beurzen;
;;
82.9 ;Overige zakelijke dienstverlening(rest);
82.91;Kredietinformatie- en incassobureaus;
82.92;Pakken, sorteren e.d. in loon;
82.99;Overige zakelijke dienstverlening (rest);
82.99.1;Veilingen van landbouw-, tuinbouw- en visserijproducten;
82.99.2;Veilingen van huisraad, kunst, antiek, machines e.d. roerende goederen;
82.99.9;Overige zakelijke dienstverlening (rest) ;
;;
;;
O;Openbaar bestuur, overheidsdiensten en verplichte sociale verzekeringen;
;;
84;Openbaar bestuur, overheidsdiensten en verplichte sociale verzekeringen;
;;
84.1;Openbaar bestuur;
84.11;Algemeen overheidsbestuur;
84.12;Openbaar bestuur op het gebied van gezondheidszorg, onderwijs, cultuur en welzijn (geen sociale verzekeringen);
84.13;Openbaar bestuur op het gebied van het bedrijfsleven;
;;
84.2 ;Overheidsdiensten;
84.21;Buitenlandse zaken;
84.22;Defensie;
84.23;Justitie;
84.23.1;Rechtspraak;
84.23.2;Ministerie van Justitie en gevangeniswezen;
84.24;Politie;
84.25;Brandweer;
;;
84.3;Verplichte sociale verzekeringen;
84.30;Verplichte sociale verzekeringen;
;;
;;
P;Onderwijs ;
  ;;
85;Onderwijs;
;;
85.2;Primair en speciaal onderwijs;
85.20;Primair en speciaal onderwijs;
85.20.1;Basisonderwijs voor leerplichtigen;
85.20.2;Speciaal basisonderwijs;
85.20.3;Speciaal onderwijs in expertisecentra;
;;
85.3;Voortgezet onderwijs;
85.31;Algemeen vormend voortgezet onderwijs;
85.31.1;Havo en vwo;
85.31.2;Voorbereidend middelbaar beroepsonderwijs;
85.31.3;Praktijkonderwijs;
85.31.4;Brede scholengemeenschappen voor voortgezet onderwijs;
;;
85.32;Middelbaar beroepsonderwijs en educatie;
85.32.1;Middelbaar beroepsonderwijs;
85.32.2;Educatie;
85.32.3;Middelbaar beroepsonderwijs en educatie (gecombineerd);
;;
85.4;Tertiair onderwijs;
85.41;Niet-universitair hoger onderwijs;
85.42;Universitair hoger onderwijs;
;;
85.5;Overig onderwijs;
85.51;Sport- en recreatieonderwijs;
85.51.1;Zeil- en surfscholen;
85.51.9;Overig sport- en recreatieonderwijs;
85.52;Cultureel onderwijs ;
85.52.1;Dansscholen;
85.52.2;Kunstzinnige vorming van amateurs (geen dansscholen);
85.53;Auto- en motorrijscholen;
85.59;Overig onderwijs (rest);
85.59.1;Afstandsonderwijs;
85.59.2;Bedrijfsopleiding en -training;
85.59.9;Studiebegeleiding, vorming en onderwijs (rest);
;;
85.6;Dienstverlening voor het onderwijs;
85.60;Dienstverlening voor het onderwijs;
;;
;;
Q;Gezondheids- en welzijnszorg ;
;;
86;Gezondheidszorg;
;;
86.1;Ziekenhuizen en geestelijke gezondheids- en verslavingszorg met overnachting;
86.10;Ziekenhuizen en geestelijke gezondheids- en verslavingszorg met overnachting;
86.10.1;Universitair medische centra ;
86.10.2;Algemene ziekenhuizen ;
86.10.3;Categorale ziekenhuizen ;
86.10.4;Geestelijke gezondheids- en verslavingszorg met overnachting;
;;
86.2;Medische en tandheelkundige praktijken ;
86.21;Praktijken van huisartsen;
86.22;Praktijken van medisch specialisten en medische dagbehandelcentra (geen tandheelkunde);
86.22.1;Praktijken van medisch specialisten en medische dagbehandelcentra (geen tandheelkunde of psychiatrie);
;;
86.22.2;Praktijken van psychiaters en dagbehandelcentra voor geestelijke gezondheids- en verslavingszorg;
86.23;Tandartspraktijken;
86.23.1;Praktijken van tandartsen;
86.23.2;Praktijken van tandheelkundig specialisten;
;;
86.9;Paramedische praktijken en overige gezondheidszorg zonder overnachting;
86.91;Praktijken van verloskundigen en paramedici;
86.91.1;Praktijken van verloskundigen;
86.91.2;Praktijken van fysiotherapeuten;
86.91.3;Praktijken van psychotherapeuten, psychologen en pedagogen;
86.91.9;Overige paramedische praktijken (geen fysiotherapie en psychologie) en alternatieve genezers;
86.92;Overige aanbieders van gezondheidszorg zonder overnachting en gezondheidsondersteunende diensten;
86.92.1;Gezondheidscentra;
86.92.2;Arbobegeleiding en reïntegratie;
86.92.3;Preventieve gezondheidszorg (geen arbobegeleiding);
86.92.4;Medische laboratoria, trombosediensten en overig behandelingsondersteunend onderzoek ;
86.92.5;Ambulancediensten en centrale posten;
86.92.9 ;Samenwerkingsorganen op het gebied van gezondheidszorg en overige gezondheidszorgondersteunende diensten;
87 ;Verpleging, verzorging en begeleiding met overnachting;
;;
87.1;Verpleeghuizen;
87.10;Verpleeghuizen;
;;
87.2;Huizen en dagverblijven voor verstandelijk gehandicapten en psychiatrische cliënten;
87.20;Huizen en dagverblijven voor verstandelijk gehandicapten en psychiatrische cliënten ;
;;
87.3;Huizen en dagverblijven voor niet-verstandelijk gehandicapten en verzorgingshuizen ;
87.30;Huizen en dagverblijven voor niet-verstandelijk gehandicapten en verzorgingshuizen ;
87.30.1;Huizen en dagverblijven voor niet-verstandelijk gehandicapten ;
87.30.2;Verzorgingshuizen;
;;
87.9;Jeugdzorg en maatschappelijke opvang met overnachting;
87.90;Jeugdzorg en maatschappelijke opvang met overnachting ;
87.90.1;Jeugdzorg met overnachting en dagverblijven voor jeugdzorg;
87.90.2;Maatschappelijk opvang met overnachting ;
;;
;;
88;Maatschappelijke dienstverlening zonder overnachting;
;;
88.1;Maatschappelijke dienstverlening zonder overnachting gericht op ouderen en  gehandicapten;
88.10;Maatschappelijke dienstverlening zonder overnachting gericht op ouderen en  gehandicapten ;
88.10.1;Thuiszorg;
88.10.2;Welzijnswerk voor ouderen;
88.10.3;Ondersteuning en begeleiding van gehandicapten;
;;
88.9;Maatschappelijke dienstverlening zonder overnachting niet specifiek gericht op ouderen en gehandicapten;
88.91;Kinderopvang en peuterspeelzaalwerk;
88.91.1;Kinderopvang;
88.91.2;Peuterspeelzaalwerk;
88.99;Ambulante jeugdzorg, maatschappelijk werk en advies en lokaal welzijnswerk ;
88.99.1;Ambulante jeugdzorg;
88.99.2;Maatschappelijk werk ;
88.99.3;Lokaal welzijnswerk;
88.99.9;Overig maatschappelijk advies, gemeenschapshuizen en samenwerkingsorganen op het gebied van welzijn ;
;;
;;
R;Cultuur, sport en recreatie;
;  ;
90;Kunst;
;;
90.0;Kunst;
90.01;Podiumkunst en -vermaak;
90.01.1;Beoefening van podiumkunst;
90.01.2;Producenten van podiumkunst;
90.01.3;Circus en variété;
90.02;Dienstverlening voor uitvoerende kunst;
90.03;Schrijven en overige scheppende kunst;
90.04;Theaters, schouwburgen en evenementenhallen ;
90.04.1;Theaters en schouwburgen;
90.04.2;Evenementenhallen;
;;
;;
91 ;Culturele uitleencentra, openbare archieven, musea, dieren- en plantentuinen, natuurbehoud;
;;
91.0;Culturele uitleencentra, openbare archieven, musea, dieren- en plantentuinen, natuurbehoud;
91.01;Culturele uitleencentra en openbare archieven;
91.01.1;Openbare bibliotheken;
91.01.2;Kunstuitleencentra;
91.01.9;Overige culturele uitleencentra en openbare archieven;
91.02;Musea, kunstgalerieën en –expositieruimten;
91.02.1;Musea;
91.02.2;Kunstgalerieën en –expositieruimten;
91.03;Monumentenzorg;
91.04;"Dieren- en plantentuinen; natuurbehoud ";
91.04.1;Dieren- en plantentuinen, kinderboerderijen;
91.04.2;Natuurbehoud;
;;
;;
92;Loterijen en kansspelen;
;;
92.0;Loterijen en kansspelen;
92.00;Loterijen en kansspelen;
92.00.1;Loterijen en kansspelen (geen amusementsautomaten);
92.00.9;Exploitatie van amusements- en speelautomaten;
;;
;;
93;Sport en recreatie;
  ;;
93.1;Sport;
93.11;Sportaccommodaties;
93.11.1;Zwembaden;
93.11.2;Sporthallen, sportzalen en gymzalen;
93.11.3;Sportvelden;
93.11.9;Overige sportaccommodaties;
93.12;Buitensport;
93.12.1;Veldvoetbal;
93.12.2;Veldsport in teamverband (geen voetbal) ;
93.12.3;Atletiek;
93.12.4;Tennis;
93.12.5;Paardensport en maneges;
93.12.6;Wielersport;
93.12.7;Auto- en motorsport;
93.12.8;Wintersport;
93.12.9;Overige buitensport;
93.13;Fitnesscentra;
93.14;Binnensport;
93.14.1;Individuele zaalsport ;
93.14.2;Zaalsport in teamverband;
93.14.3;Kracht- en vechtsport;
93.14.4;Bowlen, kegelen, biljarten e.d.;
93.14.5;Denksport;
93.14.6;Sportscholen;
93.14.9;Overige binnensport en omnisport;
93.15;Watersport;
93.15.1;Zwem- en onderwatersport;
93.15.2;Roei-, kano-, zeil- en surfsport e.d.;
93.19;Overige sportactiviteiten;
93.19.1;Beroepssportlieden;
93.19.2;Hengelsport;
93.19.3;Verzorgen van vistochten;
93.19.4;Supportersverenigingen (sport);
93.19.5;Organiseren van sportevenementen;
93.19.6;Overkoepelende organen en samenwerkings- en adviesorganen op het gebied van sport;
93.19.9;Overige sportactiviteiten (rest);
;;
93.2;Overige recreatie;
93.21;"Pret- en themaparken; kermisattracties";
93.21.1;Pret- en themaparken;
93.21.2;Kermisattracties;
93.29;Overige recreatie (rest);
93.29.1;Jachthavens;
93.29.9;Overige recreatie (rest, geen jachthavens);
;;
;;
S;Overige dienstverlening;
;;
94;Levensbeschouwelijke en politieke organisaties, belangen- en ideële organisaties, hobbyclubs ;
94.1;Bedrijfs-, werkgevers- en beroepsorganisaties;
94.11;Bedrijfs- en werkgeversorganisaties;
94.12;Beroepsorganisaties;
;;
94.2;Werknemersorganisaties;
94.20;Werknemersorganisaties;
;;
94.9;Levensbeschouwelijke en politieke organisaties, belangen- en ideële organisaties, hobbyclubs;
94.91;Levensbeschouwelijke organisaties;
94.91.1;Religieuze organisaties;
94.91.9;Overige levensbeschouwelijke organisaties;
94.92;Politieke organisaties;
94.99;"Overige belangen- en ideële organisaties; hobbyclubs";
94.99.1;Gezelligheidsverenigingen;
94.99.2;Hobbyclubs;
94.99.3;Steunfondsen (niet op het gebied van welzijnszorg);
94.99.4;Vriendenkringen op het gebied van cultuur, fanclubs en overige kunstbevordering;
94.99.5;Overkoepelende organen en samenwerkings- en adviesorganen (niet op het gebied van gezondheids- en welzijnszorg, sport en recreatie);
94.99.6;Overige ideële organisaties (rest);
94.99.7;Overige belangenbehartiging (rest);
;;
;;
95;Reparatie van computers en consumentenartikelen;
;;
95.1;Reparatie van computers en communicatieapparatuur;
95.11;Reparatie van computers en randapparatuur;
95.12;Reparatie van communicatieapparatuur;
;;
;;
95.2;Reparatie van consumentenartikelen (geen computers, communicatieapparatuur, auto’s en motorfietsen);
95.21;Reparatie van consumentenelektronica (geen computers);
95.22;Reparatie van elektrische huishoudelijke apparaten ;
95.23;Reparatie van schoenen en lederwaren;
95.24;Reparatie en stoffering van meubels;
95.25;Reparatie van uurwerken en juweliersartikelen;
95.29;Reparatie van overige consumentenartikelen;
;;
;;
96;"Wellness en overige dienstverlening; uitvaartbranche";
;;
96.0;"Wellness en overige dienstverlening; uitvaartbranche";
96.01;Reinigen van kleding en textiel;
96.01.1;Wasserijen en linnenverhuur;
96.01.2;Chemische wasserijen en ververijen;
96.01.3;Wassalons en -verzendinrichtingen;
96.02;Haar- en schoonheidsverzorging;
96.02.1;Haarverzorging;
96.02.2;Schoonheidsverzorging, pedicures en manicures, visagie en image consulting;
96.03;Uitvaartverzorging, crematoria, mortuaria en begraafplaatsen;
96.03.1;Uitvaartverzorging;
96.03.2;Crematoria, mortuaria en begraafplaatsen;
96.04;Sauna's, solaria, baden e.d.;
96.09;Overige dienstverlening (rest);
;;
;;
T;"Huishoudens als werkgever; niet-gedifferentieerde productie van goederen en diensten door huishoudens voor eigen gebruik";
;;
97;Huishoudens als werkgever van huishoudelijk personeel;
;;
97.0 ;Huishoudens als werkgever van huishoudelijk personeel;
97.00;Huishoudens als werkgever van huishoudelijk personeel;
;;
;;
98;Niet-gespecificeerde productie van goederen en diensten door particuliere huishoudens voor eigen gebruik;
;;
98.1 ;Niet-gespecificeerde productie van goederen door particuliere huishoudens voor eigen gebruik;
98.10;Niet-gespecificeerde productie van goederen door particuliere huishoudens voor eigen gebruik;
;;
98.2;Niet-gespecificeerde productie van diensten door particuliere huishoudens voor eigen gebruik;
98.20;Niet-gespecificeerde productie van diensten door particuliere huishoudens voor eigen gebruik;
;;
;;
U;Extraterritoriale organisaties en lichamen;
;;
99 ;Extraterritoriale organisaties en lichamen;
;;
99.0 ;Extraterritoriale organisaties en lichamen;
99.00;Extraterritoriale organisaties en lichamen;
;;
;;
;;
;;
