SBI;Omschrijving
0111;Teelt van granen, peulvruchten en oliehoudende zaden
0113;Teelt van groenten en wortel- en knolgewassen
0116;Teelt van vezelgewassen
0119;Teelt van overige eenjarige gewassen
0121;Druiventeelt
0124;Teelt van pit- en steenvruchten
0125;Teelt van overige boomvruchten, kleinfruit en noten
0127;Teelt van gewassen bestemd voor de vervaardiging van dranken
0128;Teelt van specerijgewassen en van aromatische en medicinale gewassen
0129;Teelt van overige  meerjarige gewassen
0130;Teelt van sierplanten
0141;Fokken en houden van melkvee
0142;Fokken en houden van runderen (geen melkvee)
0143;Fokken en houden van paarden en ezels
0145;Fokken en houden van schapen en geiten
0146;Fokken en houden van varkens
0147;Fokken en houden van pluimvee
0149;Fokken en houden van overige dieren
0150;Akker- en/of tuinbouw in combinatie met het fokken en houden van dieren 
0161;Dienstverlening voor de akker- en/of tuinbouw 
0162;Dienstverlening voor het fokken en houden van dieren 
0163;Behandeling van  gewassen na de oogst
0164;Behandeling van zaden voor vermeerdering
0170;Jacht
0210;Bosbouw
0220;Exploitatie van bossen
0240;Dienstverlening voor de bosbouw
0311;Zee- en kustvisserij
0312;Binnenvisserij
0321;Kweken van zeevis en -schaaldieren
0322;Kweken van zoetwatervis en -schaaldieren
0610;Winning van aardolie
0620;Winning van aardgas
0812;Winning van zand, grind en klei
0892;Winning van turf 
0893;Winning van zout
0899;Winning van overige delfstoffen n.e.g.
0910;Dienstverlening voor de winning van aardolie en aardgas
0990;Dienstverlening voor de winning van delfstoffen (geen olie en gas)
1011;Slachterijen (geen pluimvee-)
1012;Pluimveeslachterijen
1013;Vleesverwerking (niet tot maaltijden)
1020;Visverwerking
1031;Vervaardiging van aardappelproducten
1032;Vervaardiging van fruit- en groentesap
1039;Verwerking van groente en fruit (niet tot sap en maaltijden)
1041;Vervaardiging van plantaardige en dierlijke oliën en vetten (geen margarine en andere spijsvetten)
1042;Vervaardiging van margarine en overige spijsvetten
1051;Vervaardiging van zuivelproducten (geen consumptie-ijs)
1052;Vervaardiging van consumptie-ijs
1061;Vervaardiging van meel (geen zetmeel)
1062;Vervaardiging van zetmeel en zetmeelproducten
1071;Vervaardiging van brood en vers banketbakkerswerk
1072;Vervaardiging van beschuit en koekjes en ander houdbaar banketbakkerswerk
1073;Vervaardiging van deegwaren
1081;Vervaardiging van suiker
10821;Verwerking van cacao
10822;Vervaardiging van chocolade en suikerwerk
1083;Verwerking van koffie en thee
1084;"Vervaardiging van specerijen, sauzen en kruiderijen; zoutraffinage"
1085;Vervaardiging van kant-en-klaarmaaltijden en snacks
1086;Vervaardiging van gehomogeniseerde voedingspreparaten en dieetvoeding
1089;Vervaardiging van overige voedingsmiddelen n.e.g.
1091;Vervaardiging van veevoeders
1092;Vervaardiging van voeders voor huisdieren
1101;Vervaardiging van sterk alcoholische dranken door distilleren, rectificeren en mengen
1102;Vervaardiging van wijn uit druiven
1103;Vervaardiging van cider en van overige vruchtenwijnen
1104;Vervaardiging van overige niet-gedistilleerde gegiste dranken
1105;Vervaardiging van bier
1106;Mouterijen
1107;"Vervaardiging van frisdranken; productie van mineraalwater en overig gebotteld water"
1200;Vervaardiging van tabaksproducten
1310;Bewerken en spinnen van textielvezels
1320;Weven van textiel
1330;Textielveredeling
1391;Vervaardiging van gebreide en gehaakte stoffen
1392;Vervaardiging van geconfectioneerde artikelen van textiel (geen kleding)
1393;Vervaardiging van vloerkleden en tapijt
1394;Vervaardiging van koord, bindgaren, touw en netten
1395;Vervaardiging van gebonden textielvlies en artikelen daarvan (geen kleding)
1396;Vervaardiging van technisch en industrieel textiel
1399;Vervaardiging van overige  textielproducten n.e.g.
1411;Vervaardiging van kleding van leer
1412;Vervaardiging van werkkleding
1413;Vervaardiging van overige  bovenkleding
1414;Vervaardiging van onderkleding
1419;Vervaardiging van baby- en sportkleding en kledingaccessoires
1420;Vervaardiging van artikelen van bont
1431;Vervaardiging van gebreide en gehaakte kousen en sokken
1439;Vervaardiging van gebreide en gehaakte kleding (geen kousen en sokken)
1511;"Looien en bewerken van leer; bereiden en verven van bont"
1512;Vervaardiging van koffers, tassen e.d. en van zadel- en tuigmakerswerk
1520;Vervaardiging van schoenen
16101;Zagen en schaven en overige primaire houtbewerking
16102;Verduurzamen van hout
1621;Vervaardiging van fineer en plaatmateriaal op basis van hout
1622;Vervaardiging van panelen voor parketvloeren
16231;Vervaardiging van deuren, ramen en kozijnen van hout
16239;Vervaardiging van overig timmerwerk voor de bouw (geen deuren, ramen en kozijnen)
1624;Vervaardiging van houten emballage
1629;Vervaardiging van overige artikelen van hout en van artikelen van kurk, riet en vlechtwerk (geen meubels)
1711;Vervaardiging van papierpulp
17121;Vervaardiging van grafisch papier en karton
17122;Vervaardiging van papier en karton voor verpakking
17129;Vervaardiging van papier en karton (geen grafisch en niet voor verpakking)
17211;Vervaardiging van verpakkingsmiddelen van papier en karton
17212;Vervaardiging van golfpapier en -karton
1722;Vervaardiging van huishoudelijke en sanitaire papierwaren
1723;Vervaardiging van kantoorbenodigdheden van papier
1724;Vervaardiging van behangselpapier
1729;Vervaardiging van overige papier- en kartonwaren 
1811;Drukkerijen van dagbladen
18121;Drukkerijen van boeken e.d.
18122;Drukkerijen van tijdschriften 
18123;Drukkerijen van reclame
18124;Drukkerijen van verpakkingen
18125;Drukkerijen van formulieren
18129;Overige drukkerijen n.e.g. 
1813;Prepress- en premedia-activiteiten
1814;Grafische afwerking en overige activiteiten verwant aan de drukkerij 
1820;Reproductie van opgenomen media
1910;Vervaardiging van cokesovenproducten
19201;Aardolieraffinage
19202;Aardolieverwerking (geen -raffinage)
2011;Vervaardiging van industriële gassen
2012;Vervaardiging van kleur- en verfstoffen
2013;Vervaardiging van overige anorganische basischemicaliën 
20141;Vervaardiging van petrochemische producten
20149;Vervaardiging van overige organische basischemicaliën (geen petrochemische producten)
2015;Vervaardiging van kunstmeststoffen en stikstofverbindingen
2016;Vervaardiging van kunststof in primaire vorm
2017;Vervaardiging van synthetische rubber in primaire vorm
2020;Vervaardiging van verdelgingsmiddelen en overige landbouwchemicaliën
2030;Vervaardiging van verf, vernis e.d., drukinkt en mastiek
2041; Vervaardiging van zeep, wasmiddelen, poets- en reinigingsmiddelen
2042;Vervaardiging van parfums en cosmetica
2051;Vervaardiging van kruit en springstoffen en van lucifers
2052;Vervaardiging van lijm en bereide kleefmiddelen
2053;Vervaardiging van etherische oliën
2059;Vervaardiging van  overige chemische producten n.e.g.
2060;Vervaardiging van synthetische en kunstmatige vezels
2110;Vervaardiging van farmaceutische grondstoffen
2120;Vervaardiging van farmaceutische producten (geen grondstoffen)
2211;Vervaardiging van rubberbanden en loopvlakvernieuwing
2219;Vervaardiging van producten van rubber (geen banden)
2221;Vervaardiging van platen, folie, buizen en profielen van kunststof
2222;Vervaardiging van verpakkingsmiddelen van kunststof
2223;Vervaardiging van kunststofproducten voor de bouw
2229;Vervaardiging van overige producten van kunststof
2311;Vervaardiging van vlakglas
2312;Vormen en bewerken van vlakglas
2313;Vervaardiging van holglas
2314;Vervaardiging van glasvezels
2319;Vervaardiging en bewerking van overig  glas,  inclusief technisch glaswerk
2320;Vervaardiging van vuurvaste keramische  producten
2331;Vervaardiging van keramische tegels en plavuizen
2332;Vervaardiging van  keramische producten voor de bouw (geen tegels en plavuizen)
2341;Vervaardiging van huishoudelijk en sieraardewerk
2342;Vervaardiging van sanitair aardewerk
2343;Vervaardiging van isolatoren en isolatiemateriaal van keramische stoffen
2344;Vervaardiging van overig technisch aardewerk
2349;Vervaardiging van overige keramische producten n.e.g.
2351;Vervaardiging van cement
2352;Vervaardiging van kalk en gips
23611;Vervaardiging van producten van beton voor de bouw
23612;Vervaardiging voor de bouw van kalkzandsteen en cellenbeton
2362;Vervaardiging van producten van gips voor de bouw
2363;Vervaardiging van stortklare beton
2364;Vervaardiging van mortel in droge vorm
2365;Vervaardiging van producten van vezelcement
2369;Vervaardiging van overige producten van beton, gips en cement
2370;Natuursteenbewerking
2391;Vervaardiging van schuur-, slijp- en polijstmiddelen
2399;Vervaardiging van overige niet-metaalhoudende minerale producten (geen schuur-, slijp- en polijstmiddelen)
2410;Vervaardiging van ijzer en staal en van ferrolegeringen
2420;Vervaardiging van stalen buizen, pijpen, holle profielen en fittings daarvoor
2431;Koudtrekken van staven
2432;Koudwalsen van bandstaal
2433;Koudvervormen en koudfelsen
2434;Koudtrekken van draad
2441;Vervaardiging van edelmetalen
2442;Vervaardiging van aluminium
2443;Vervaardiging van lood, zink en tin
2444;Vervaardiging van koper
2445;Vervaardiging van overige non-ferrometalen
2446;Smelten en raffineren van uranium
2451;Gieten van ijzer 
2452;Gieten van staal
2453;Gieten van lichte metalen
2454;Gieten van overige  non-ferrometalen
2511;Vervaardiging van metalen constructiewerken en delen daarvan
2512;Vervaardiging van metalen deuren, vensters en kozijnen
2521;Vervaardiging van ketels en radiatoren voor centrale verwarming
2529;Vervaardiging van metalen tanks en reservoirs
2530;Vervaardiging van stoomketels (geen ketels voor centrale verwarming)
2540;Vervaardiging van wapens en munitie
2550;"Smeden, persen, stampen en profielwalsen van metaal; poedermetallurgie"
2561;Oppervlaktebehandeling en bekleding van metaal
2562;Algemene metaalbewerking
2571;Vervaardiging van scharen, messen en bestek
2572;Vervaardiging van hang- en sluitwerk
2573;Vervaardiging van gereedschap
2591;Vervaardiging van stalen vaten e.d.
2592;Vervaardiging van verpakkingsmiddelen van licht metaal
2593;Vervaardiging van artikelen van draad en van kettingen en veren
2594;Vervaardiging van bouten, schroeven en moeren
2599;Vervaardiging van overige producten van metaal n.e.g.
2611;Vervaardiging van elektronische componenten
2612;Vervaardiging van elektronische printplaten
2620;Vervaardiging van computers en randapparatuur
2630;Vervaardiging van communicatieapparatuur
2640;Vervaardiging van consumentenelektronica
2651;Vervaardiging van meet-, regel-, navigatie- en controleapparatuur
2652;Vervaardiging van uurwerken
2660;Vervaardiging van bestralingsapparatuur en van elektromedische en elektrotherapeutische apparatuur
2670;Vervaardiging van optische instrumenten en apparatuur
2680;Vervaardiging van informatiedragers
2711;Vervaardiging van elektromotoren,  elektrische generatoren en transformatoren
2712;Vervaardiging van schakel- en verdeelinrichtingen
2720;Vervaardiging van batterijen en accumulatoren
2731;Vervaardiging van kabels van optische vezels
2732;Vervaardiging van overige elektrische en elektronische kabel
2733;Vervaardiging van schakelaars, stekkers, stopcontacten e.d.
2740;Vervaardiging van elektrische lampen en verlichtingsapparaten 
2751;Vervaardiging van elektrische huishoudapparaten
2752;Vervaardiging van niet-elektrische huishoudapparaten
2790;Vervaardiging van overige elektrische apparatuur
2811;Vervaardiging van motoren en turbines (niet voor vliegtuigen, motorvoertuigen en bromfietsen)
2812;Vervaardiging van hydraulische apparatuur
2813;Vervaardiging van niet-hydraulische pompen en compressoren
2814;Vervaardiging van appendages
2815;Vervaardiging van tandwielen, lagers en overige drijfwerkelementen
2821;Vervaardiging van industriële ovens en branders
2822;Vervaardiging van hijs-, hef- en transportwerktuigen
2823;Vervaardiging van kantoormachines en -apparatuur (geen computers en randapparatuur)
2824;Vervaardiging van pneumatisch en elektrisch handgereedschap 
2825;Vervaardiging van machines en apparaten voor industriële  koeltechniek en  klimaatregeling
2829;Vervaardiging van overige machines en apparaten voor algemeen gebruik n.e.g.
2830;Vervaardiging van machines en werktuigen voor de land- en bosbouw
2841;Vervaardiging van gereedschapswerktuigen voor metaalbewerking
2849;Vervaardiging van  gereedschapswerktuigen niet voor metaalbewerking
2891;Vervaardiging van machines voor de metallurgie
2892;Vervaardiging van machines voor de bouw en winning van delfstoffen
2893;Vervaardiging van machines voor de productie van voedings- en genotmiddelen
2894;Vervaardiging van machines voor de productie van textiel, kleding en leer
2895;Vervaardiging van machines voor de productie van papier en karton
2896;Vervaardiging van machines voor de kunststof- en rubberindustrie
2899;Vervaardiging van overige machines, apparaten en werktuigen voor specifieke doeleinden n.e.g.
2910;Vervaardiging van auto's
29201;Carrosseriebouw
29202;Vervaardiging van aanhangwagens en opleggers
2931;Vervaardiging van elektrische en elektronische onderdelen en toebehoren  voor auto's 
2932;Vervaardiging van niet-elektrische en -elektronische  onderdelen en toebehoren voor auto's
3011;Bouw van schepen en drijvend materieel (geen sport- en recreatievaartuigen) 
3012;Bouw van sport- en recreatievaartuigen 
3020;Vervaardiging van rollend spoor- en tramwegmaterieel 
3030;Vervaardiging van vliegtuigen en onderdelen daarvoor
3040;Vervaardiging van militaire gevechtsvoertuigen
3091;Vervaardiging van motor- en bromfietsen
3092;Vervaardiging van fietsen en invalidenwagens
3099;Vervaardiging van overige transportmiddelen n.e.g.
31011;Interieurbouw
31012;Vervaardiging van bedrijfsmeubels
3102;Vervaardiging van keukenmeubels
3103;Vervaardiging van matrassen
3109;Vervaardiging van overige meubels
3211;Slaan van munten en medailles
3212;Bewerken van edelstenen en vervaardiging van sieraden e.d. (geen imitatie)
3213;Vervaardiging van imitatiesieraden 
3220;Vervaardiging van muziekinstrumenten
3230;Vervaardiging van sportartikelen
3240;Vervaardiging van speelgoed en spellen
32501;Tandtechnische bedrijven
32502;Vervaardiging van medische instrumenten en hulpmiddelen (geen tandtechniek)
3291;Vervaardiging van borstelwaren
32991;Sociale werkvoorziening
32999;Vervaardiging van overige goederen n.e.g.
3311;Reparatie van producten van metaal
33121;Reparatie en onderhoud van machines voor algemeen gebruik en machine-onderdelen (geen gereedschap)
33122;Reparatie en onderhoud van pneumatisch en elektrisch gereedschap en gereedschapswerktuigen
33123;Reparatie en onderhoud van machines voor een specifieke bedrijfstak
3313;Reparatie van elektronische en optische apparatuur
3314;Reparatie van elektrische apparatuur
3315;Reparatie en onderhoud van schepen
3316;Reparatie en onderhoud van vliegtuigen
3317;Reparatie en onderhoud van overige transportmiddelen
3319;Reparatie van overige apparatuur
3321;Installatie van ketels en tanks
33221;Installatie van machines voor algemeen gebruik (geen gereedschap)
33222;Installatie van pneumatisch en elektrisch gereedschap en gereedschapswerktuigen
33223;Installatie van machines voor een specifieke bedrijfstak
3323;Installatie van elektronische en optische apparatuur
3324;Installatie van elektrische apparatuur
3329;Installatie van overige toebehoren
35111;Productie van elektriciteit door thermische, kern- en warmtekrachtcentrales
35112;Productie van elektriciteit door windenergie 
35113;Productie van elektriciteit door zonnecellen, warmtepompen en waterkracht
3512;Beheer en exploitatie van transportnetten voor elektriciteit, aardgas en warm water
3513;Distributie van elektriciteit en gasvormige brandstoffen via leidingen
3514;Handel in elektriciteit en in gas via leidingen
3520;Productie van aardgas
3530;Productie en distributie van stoom en gekoelde lucht
3600;Winning en distributie van water
3700;Afvalwaterinzameling en -behandeling
3811;Inzameling van onschadelijk afval
3812;Inzameling van schadelijk afval
3821;Behandeling van onschadelijk afval
3822;Behandeling van schadelijk afval
3831;Sloop van schepen, witgoed, computers e.d. 
3832;Gesorteerd materiaal voorbereiden tot recycling
3900;Sanering en overig afvalbeheer
4110;Projectontwikkeling
4120;Algemene burgerlijke en utiliteitsbouw
42111;Wegenbouw
42112;Stratenmaken
4212;Bouw van boven- en ondergrondse spoorwegen
4213;Bouw van kunstwerken
4221;"Leggen van rioleringen, buizen en pijpleidingen; aanleg van bronbemaling"
4222;Leggen van elektriciteits- en telecommunicatiekabels 
4291;Natte waterbouw
4299;Bouw van overige civieltechnische werken n.e.g.
4311;Slopen van bouwwerken
4312;Grondverzet
4313;Proefboren
4321;Elektrotechnische bouwinstallatie
43221;"Loodgieters- en fitterswerk; installatie van sanitair "
43222;Installatie van verwarmings- en luchtbehandelingsapparatuur
4329;Overige bouwinstallatie
4331;Stukadoren
4332;Bouwtimmeren
4333;Afwerking van vloeren en wanden 
4334;Schilderen en glaszetten
4339;Overige afwerking van gebouwen
4391;Dakdekken en bouwen van dakconstructies 
43991;Heien en andere funderingswerkzaamheden
43992;Vlechten van betonstaal
43993;Metselen en voegen
43999;Overige gespecialiseerde werkzaamheden in de bouw n.e.g.
45111;Import van nieuwe personenauto's en lichte bedrijfsauto's
45112;Handel in en reparatie van personenauto's en lichte bedrijfsauto's (geen import van nieuwe)
4519;Handel in en reparatie van zwaardere bedrijfsauto's, aanhangers en caravans
45191;Import van nieuwe bedrijfsauto's
45192;Handel in en reparatie van zwaardere bedrijfsauto's (geen import van nieuwe) 
45193;Handel in en reparatie van aanhangwagens en opleggers (geen caravans)
45194;Handel in en reparatie van caravans
45201;Auto-onderdelenservicebedrijven
45202;Bandenservicebedrijven
45203;Reparatie van specifieke auto-onderdelen
45204;Carrosserieherstel
45205;"Overige gespecialiseerde reparatie; wassen en slepen van auto's"
45311;Groothandel en handelsbemiddeling in auto-onderdelen en -accessoires (geen banden)
45312;Groothandel en handelsbemiddeling in banden
4532;Detailhandel in auto-onderdelen en -accessoires
45401;Groothandel en handelsbemiddeling in motorfietsen en onderdelen daarvan
45402;Detailhandel in en reparatie van motorfietsen en onderdelen daarvan
4611;Handelsbemiddeling in landbouwproducten, levende dieren en grondstoffen voor textiel en voedingsmiddelen
4612;Handelsbemiddeling in brandstoffen, ertsen, metalen en chemische producten 
4613;Handelsbemiddeling in hout, vlakglas, sanitair en bouwmaterialen 
4614;Handelsbemiddeling in machines, technische benodigdheden, schepen en vliegtuigen
4615;Handelsbemiddeling in meubels, huishoudelijke artikelen en ijzerwaren 
4616;Handelsbemiddeling in textiel, kleding, schoeisel en lederwaren
4617;Handelsbemiddeling in voedings- en genotmiddelen
4618;Handelsbemiddeling gespecialiseerd in overige goederen
4619;Niet-gespecialiseerde handelsbemiddeling 
46211;Groothandel in granen                                                  
46212;Groothandel in zaden, pootgoed en peulvruchten 
46213;Groothandel in hooi, stro en ruwvoeder 
46214;Groothandel in meng- en krachtvoeder 
46215;Groothandel in veevoeder (geen ruw-, meng- en krachtvoeder) 
46216;Groothandel in ruwe plantaardige en dierlijke oliën en vetten en oliehoudende grondstoffen
46217;Groothandel in ruwe tabak
46218;Groothandel in akkerbouwproducten en veevoeder algemeen assortiment
46219;Groothandel in overige akkerbouwproducten  
4622;Groothandel in bloemen en planten
46231;Groothandel in levend vee
46232;Groothandel in huisdieren, siervissen, siervogels en wilde dieren
46241;Groothandel in huiden en vellen
46242;Groothandel in leer en halffabrikaten van leer
46311;Groothandel in groenten en fruit
46312;Groothandel in consumptie-aardappelen
4632;Groothandel in vlees en vleeswaren en in wild en gevogelte (niet levend)
46331;Groothandel in zuivelproducten en spijsoliën en -vetten
46332;Groothandel in eieren
4634;Groothandel in dranken (geen zuivel)
4635;Groothandel in tabaksproducten en rokersbenodigdheden
4636;Groothandel in suiker, chocolade en suikerwerk
4637;Groothandel in koffie, thee, cacao en specerijen (geen ruwe)
46381;Groothandel in snacks 
46382;Groothandel in vis, schaal- en weekdieren 
46383;Gespecialiseerde groothandel in overige voedings- en genotmiddelen n.e.g.
46384;Groothandel in bakkerijgrondstoffen 
46389;Gespecialiseerde groothandel in overige grondstoffen en halffabrikaten voor de voedingsmiddelenindustrie n.e.g.
4639;Groothandel in voedings- en genotmiddelen algemeen assortiment
46411;Groothandel in kledingstoffen en fournituren
46412;Groothandel in huishoudtextiel en beddengoed
46421;Groothandel in bovenkleding
46422;Groothandel in werkkleding
46423;Groothandel in onderkleding
46424;Groothandel in schoenen
46425;Groothandel in mode-artikelen
46429;Groothandel in textielwaren algemeen assortiment
46431;Groothandel in witgoed 
46432;Groothandel in elektrische huishoudelijke apparatuur (geen witgoed, audio en video)
46433;Groothandel in audio- en video-apparatuur 
46434;Groothandel in fotografische artikelen      
46435;Groothandel in beeld- en geluidsdragers
46436;Groothandel in optische artikelen
46441;Groothandel in glas, porselein en aardewerk
46442;Groothandel in was-, poets- en reinigingsmiddelen
4645;Groothandel in parfums en cosmetica
46461;Groothandel in farmaceutische producten
46462;Groothandel in medische en tandheelkundige instrumenten, verpleeg- en orthopedische artikelen en laboratoriumbenodigdheden
46471;Groothandel in huismeubilair
46472;Groothandel in woningtextiel en vloerbedekking
46473;Groothandel in verlichtingsartikelen
4648;Groothandel in juweliersartikelen en uurwerken
46491;Groothandel in fietsen en bromfietsen
46492;Groothandel in watersportartikelen
46493;Groothandel in kampeerartikelen (geen caravans)
46494;Groothandel in speelgoed
46495;Groothandel in muziekinstrumenten
46496;Groothandel in sportartikelen (geen watersport)
46497;Groothandel in papier- en kartonwaren (geen verpakkingsmateriaal)
46498;Groothandel in boeken, tijdschriften en overig drukwerk
46499;Groothandel in overige consumentenartikelen (non-food) n.e.g. 
4651;Groothandel in computers, randapparatuur en software
4652;Groothandel in elektronische en telecommunicatieapparatuur en bijbehorende onderdelen
4661;Groothandel in landbouwmachines, werktuigen en tractoren
4662;Groothandel in gereedschapswerktuigen
4663;Groothandel in machines voor de bouw
4664;Groothandel in machines voor de textielindustrie en in naai- en breimachines
4665;Groothandel in bedrijfsmeubels
4666;Groothandel in kantoormachines (geen computers)
46681;Groothandel in machines voor de grafische industrie
46682;Groothandel in machines voor de voedings- en genotmiddelenindustrie
46691;Groothandel in intern transportmaterieel
46692;Groothandel in machines en apparaten voor de warmte-, koel- en vriestechniek
46693;Groothandel in verbrandingsmotoren, pompen en compressoren
46694;Groothandel in appendages, technische toebehoren e.d.
46695;Groothandel in meet- en regelapparaten
46696;Groothandel in emballage
46697;Groothandel in scheepsbenodigdheden en visserij-artikelen
46699;Groothandel in overige machines, apparaten en toebehoren voor industrie en handel n.e.g.
46711;Groothandel in vaste brandstoffen 
46712;Groothandel in vloeibare en gasvormige brandstoffen
46713;Groothandel in minerale olieproducten (geen brandstoffen)
46721;Groothandel in metaalertsen
46722;Groothandel in ferrometalen en -halffabrikaten
46723;Groothandel in non-ferrometalen en -halffabrikaten
46731;Groothandel in hout en plaatmateriaal
46732;Groothandel in verf en verfwaren
46733;Groothandel in behang
46734;Groothandel in vlakglas
46735;Groothandel in zand en grind
46736;Groothandel in tegels en plavuizen
46737;Groothandel in sanitaire artikelen en sanitair installatiemateriaal 
46738;Groothandel gespecialiseerd in overige bouwmaterialen
46739;Groothandel in bouwmaterialen algemeen assortiment 
46741;Groothandel in ijzer- en metaalwaren
46742;Groothandel in verwarmingsapparaten
46751;Groothandel in chemische grondstoffen en chemicaliën voor industriële toepassing
46752;Groothandel in bestrijdingsmiddelen en meststoffen
46761;Groothandel in textielgrondstoffen en -halffabrikaten
46762;Groothandel in papier en karton
46769;Groothandel in overige intermediaire producten n.e.g.
46771;Groothandel in autosloopmateriaal
46772;Groothandel in ijzer- en staalschroot en oude non-ferrometalen
46779;Groothandel in overige oude materialen en afvalstoffen
46901;Niet-gespecialiseerde groothandel in consumentenartikelen
46902;Niet-gespecialiseerde groothandel in niet-consumentenartikelen
4711;Supermarkten en dergelijke winkels met een algemeen assortiment voedings- en genotmiddelen
47191;Warenhuizen
47192;Winkels met een algemeen assortiment non-food (geen warenhuizen)
4721;Winkels in aardappelen, groenten en fruit 
47221;Winkels in vlees en vleeswaren
47222;Winkels in wild en gevogelte
4723;Winkels in vis
47241;Winkels in brood en banket
47242;Winkels in chocolade en suikerwerk
4725;Winkels in dranken
4726;Winkels in tabaksproducten
47291;Winkels in kaas
47292;Winkels in natuurvoeding en reformartikelen
47293;Winkels in buitenlandse voedingsmiddelen
47299;Gespecialiseerde winkels in overige voedings- en genotmiddelen n.e.g.
4730;Benzinestations
4741;Winkels in computers, randapparatuur en software
4742;Winkels in telecommunicatieapparatuur 
47431;Winkels in audio- en videoapparatuur
47432;Winkels in een algemeen assortiment van wit- en bruingoed 
47511;Winkels in kledingsstoffen
47512;Winkels in  huishoudtextiel
47513;Winkels in breiwol, handwerken en fournituren
47521;Winkels in ijzerwaren en gereedschappen
47522;Winkels in verf, verfwaren en behang
47523;Winkels in houten bouw- en tuinmaterialen
47524;Winkels in tegels
47525;Winkels in keukens
47526;Winkels in parket-, laminaat- en kurkvloeren
47527;Winkels gespecialiseerd in overige doe-het-zelfartikelen  
47528;Bouwmarkten en andere winkels in bouwmaterialen algemeen assortiment
4753;Winkels in vloerbedekking en gordijnen 
47541;Winkels in witgoed
47542;Winkels in naai- en breimachines
47543;Winkels in overige elektrische huishoudelijke apparatuur
47544;Winkels in onderdelen voor elektrische huishoudelijke apparatuur
47591;Winkels in meubels
47592;Winkels in verlichtingsartikelen
47593;Winkels in artikelen voor woninginrichting algemeen assortiment
47594;Winkels in muziekinstrumenten
47595;Winkels in glas-, porselein- en aardewerk
47596;Winkels gespecialiseerd in overige huishoudelijke artikelen n.e.g.
47597;Winkels in huishoudelijke artikelen algemeen assortiment
4761;Winkels in boeken 
4762;Winkels in kranten, tijdschriften en kantoorbehoeften 
4763;Winkels in audio- en video-opnamen
47641;Winkels in fietsen en bromfietsen
47642;Winkels in watersportartikelen
47643;Winkels in sportartikelen (geen watersport)
47644;Winkels in kampeerartikelen (geen caravans)
4765;Winkels in speelgoed
47711;Winkels in herenkleding 
47712;Winkels in dameskleding 
47713;Winkels in bovenkleding en mode-artikelen (algemeen assortiment) 
47714;Winkels in baby- en kinderkleding
47715;Winkels in babyartikelen algemeen assortiment
47716;Winkels in onderkleding, foundations e.d.
47717;Winkels in mode-artikelen
47718;Textielsupermarkten
47721;Winkels in schoenen
47722;Winkels in lederwaren en reisartikelen
4773;Apotheken
47741;Winkels in drogisterij-artikelen 
47742;Winkels in medische en orthopedische artikelen  
4775;Winkels in parfums en cosmetica
47761;Winkels in bloemen en planten, zaden en tuinbenodigdheden
47762;Tuincentra
47763;Winkels in dieren, dierbenodigdheden en hengelsportartikelen
4777;Winkels in juweliersartikelen en uurwerken 
47781;Winkels in fotografische artikelen
47782;Winkels in optische artikelen
47783;Winkels in schilderijen, lijsten, prenten, kunstvoorwerpen en religieuze artikelen
47789;Winkels gespecialiseerd in overige artikelen n.e.g.
47791;Winkels in antiek
47792;Winkels in tweedehands kleding
47793;Winkels in tweedehands goederen (geen kleding)
47811;Markthandel in aardappelen, groenten en fruit
47819;Markthandel in overige voedings- en genotmiddelen
4782;Markthandel in textiel, kleding en schoenen
47891;Markthandel in bloemen, planten, zaden en tuinbenodigdheden
47892;Markthandel in tweedehands goederen
47899;Markthandel in overige goederen
47911;Detailhandel via internet in voedingsmiddelen en drogisterijwaren
47912;Detailhandel via internet in consumentenelektronica
47913;Detailhandel via internet in boeken, tijdschriften, cd’s, dvd’s
47914;Detailhandel via internet in kleding en mode-artikelen
47915;Detailhandel via internet in huis- en tuinartikelen
47916;Detailhandel via internet in vrijetijdsartikelen
47918;Detailhandel via internet in overige non-food
47919;Detailhandel via internet in een algemeen assortiment non-food
47991;Colportage
47992;Straathandel
47999;Detailhandel via overige distributievormen
4910;Personenvervoer per spoor (geen tram of metro)
4920;Goederenvervoer per spoor
4931;Openbaar vervoer binnen steden
4932;Vervoer per taxi
49391;Ongeregeld personenvervoer over de weg
49392;Openbaar interlokaal personenvervoer over de weg
49393;Geregeld besloten personenvervoer over de weg
4941;Goederenvervoer over de weg (geen verhuizingen)
4942;Verhuisvervoer
4950;Transport via pijpleidingen
5010;Zee- en kustvaart (passagiersvaart en veerdiensten)
50201;"Zee- en kustvaart (vracht- en tankvaart; geen sleepvaart)"
50202;Zee- en kustsleepvaart 
5030;Binnenvaart (passagiersvaart en veerdiensten)
50401;Binnenvaart (vrachtvaart)
50402;Binnenvaart (tankvaart) 
50403;Binnenvaart (sleep- en duwvaart)
5110;Personenvervoer door de lucht
5121;Goederenvervoer door de lucht
52101;Opslag in tanks
52102;Opslag in koelhuizen e.d.
52109;Opslag in distributiecentra en overige opslag (niet in tanks, koelhuizen e.d.)
5221;Dienstverlening voor vervoer over land
5222;Dienstverlening voor vervoer over water
5223;Dienstverlening voor de luchtvaart
52241;Laad-, los- en overslagactiviteiten voor zeevaart
52242;Laad-, los- en overslagactiviteiten niet voor zeevaart
52291;Expediteurs, cargadoors, bevrachters en andere tussenpersonen in het goederenvervoer
52292;Weging en meting
5310;Nationale post met universele dienstverplichting 
53201;Post zonder universele dienstverplichting 
53202;Koeriers
55101;Hotel-restaurants
55102;Hotels (geen hotel-restaurants), pensions en conferentie-oorden
55201;Verhuur van vakantiehuisjes en appartementen
55202;Jeugdherbergen , vakantiekampen, groepsaccommodaties
5530;Kampeerterreinen
5590;Overige logiesverstrekking
56101;Restaurants
56102;Cafetaria's, lunchrooms, snackbars, ijssalons, eetkramen e.d.  
56103;IJssalons 
5621;Eventcatering
5629;Kantines en contractcatering 
5630;Cafés
5811;Uitgeverijen van boeken
5812;Databanken
5813;Uitgeverijen van kranten
5814;Uitgeverijen van tijdschriften
5819;Overige uitgeverijen (niet van software)
5821;Uitgeverijen van computerspellen
5829;Overige uitgeverijen van software
59111;Productie van films (geen televisiefilms)
59112;Productie van televisieprogramma's
5912;Facilitaire activiteiten voor film- en televisieproductie
5913;Distributie van films en televisieproducties
5914;Bioscopen
5920;Maken en uitgeven van geluidsopnamen 
6010;Radio-omroepen
6020;Televisie-omroepen
6110;Draadgebonden telecommunicatie
6120;Draadloze telecommunicatie
6130;Telecommunicatie via satelliet
6190;Overige telecommunicatie
6201;Ontwikkelen, produceren en uitgeven van software
6202;Advisering op het gebied van informatietechnologie
6203;Beheer van computerfaciliteiten
6209;Overige dienstverlenende activiteiten op het gebied van informatietechnologie
6311;Gegevensverwerking, webhosting en aanverwante activiteiten
6312;Webportals
6391;Persagentschappen
6399;Overige dienstverlenende activiteiten op het gebied van informatie n.e.g.
6411;Centrale banken
64191;Coöperatief georganiseerde banken
64192;Effectenkredietinstellingen
64193;Spaarbanken
64194;Algemene banken
6420;Financiële holdings
64301;Beleggingsinstellingen in financiële activa
64302;Beleggingsinstellingen in vaste activa
64303;Beleggingsinstellingen met beperkte toetreding
6491;Financiële lease
64921;Hypotheekbanken en bouwfondsen
64922;Volkskredietbanken en commerciële financieringsmaatschappijen
64923;Participatiemaatschappijen
64924;Wisselmakelaars en overige kredietverstrekking
6499;Overige financiële intermediatie
65111;Levensverzekeringen (geen herverzekering) 
65112;Naturaverzekeringen 
65113;Spaarkassen
6512;Schadeverzekeringen (geen herverzekering)
6520;Herverzekering
65301;Bedrijfstakpensioenfondsen
65302;Ondernemingspensioenfondsen en -spaarfondsen
65303;Beroepspensioenfondsen
65309;Overige pensioenfondsen
6611;Beheer van financiële markten
6612;Commissionairs en makelaars in effecten, beleggingsadviseurs e.d.
66191;Administratiekantoren voor aandelen en obligaties
66192;Marketmakers
66193;Hypotheek- en kredietbemiddeling, geldwisselkantoren, bank- en spaaragentschappen e.d.
6621;Risicoanalisten en schadetaxateurs
6622;Assurantietussenpersonen
66291;Verzekeringsbeurzen
66292;"Actuariële en pensioenadviesbureaus; beheer en administratie van pensioenvermogens"
66293;Waarborgfondsen
66299;Overige dienstverlening op het gebied van verzekeringen en pensioenfondsen n.e.g.
6630;Vermogensbeheer
6810;Handel in eigen onroerend goed
68201;Woningbouwverenigingen en -stichtingen
68202;Gemeentelijke woningbedrijven
68203;Verhuur van overige woonruimte
68204;Verhuur van onroerend goed (niet van woonruimte)
6831;Bemiddeling bij handel, huur of verhuur van onroerend goed
6832;Beheer van onroerend goed
69101;Advocatenkantoren 
69102;Rechtskundige adviesbureaus
69103;Notariskantoren
69104;Deurwaarderskantoren
69105;Octrooibureaus
69201;Registeraccountants
69202;Accountants-administratieconsulenten
69203;Boekhoudkantoren 
69204;Belastingconsulenten
69209;Overige administratiekantoren
70101;Concerndiensten binnen eigen concern
70102;Holdings (geen financiële)
7021;Public relationsbureaus
70221;Organisatie-adviesbureaus
70222;Advisering op het gebied van management en bedrijfsvoering (geen public relations en organisatieadviesbureaus)
71111;Architecten (geen interieurarchitecten)
71112;Interieurarchitecten
7112;Ingenieurs en overig technisch ontwerp en advies
71201;Keuring en controle van agrarische producten en voedingsmiddelen
71202;Keuring en controle van machines, apparaten en materialen
71203;Overige keuring en controle
72111;Biotechnologisch speur- en ontwikkelingswerk op het gebied van agrarische producten en processen
72112;Biotechnologisch speur- en ontwikkelingswerk op het gebied van medische producten en farmaceutische processen en van voeding
72113;Biotechnologisch speur- en ontwikkelingswerk voor overige toepassingen
72191;Speur- en ontwikkelingswerk op het gebied van landbouw en visserij (niet biotechnologisch)
72192;Technisch speur- en ontwikkelingswerk
72193;Speur- en ontwikkelingswerk op het gebied van gezondheid en voeding (niet biotechnologisch)
72199;Overig natuurwetenschappelijk speur- en ontwikkelingswerk (niet biotechnologisch)
7220;Speur- en ontwikkelingswerk op het gebied van de maatschappij- en geesteswetenschappen
7311;Reclamebureaus
7312;Handel in advertentieruimte en -tijd
7320;Markt- en opinieonderzoekbureaus
74101;Communicatie- en grafisch ontwerp
74102;Industrieel en productontwerp
74103;Interieur- en ruimtelijk ontwerp
74201;Fotografie
74202;Ontwikkelwinkels
74203;Ontwikkelcentrales
7430;Vertalers en tolken
7490;Overige specialistische zakelijke dienstverlening  
7500;Veterinaire dienstverlening
77111;Verhuur van personenauto's en lichte bedrijfsauto's (geen operational lease)
77112;Operational lease van personenauto's en lichte bedrijfsauto's
7712;Verhuur en lease van vrachtwagens, autobussen, caravans en aanhangwagens
7721;Verhuur van sport- en recreatieartikelen
7722;Videotheken
77291;Verhuur van leesportefeuilles
77292;Verhuur van kleding en huishoudelijke artikelen
77299;Verhuur van overige consumentenartikelen n.e.g. 
7731;Verhuur en lease van landbouwmachines en  werktuigen
7732;Verhuur en lease van machines en installaties voor de bouw
7733;Verhuur en lease van computers en kantoorapparatuur
7734;Verhuur en lease van schepen
7735;Verhuur en lease van vliegtuigen
77391;Verhuur van automaten
77399;Verhuur en lease van overige machines en werktuigen en van overige  goederen (geen automaten)
7740;Lease van niet-financiële immateriële activa
7810;Arbeidsbemiddeling
78201;Uitzendbureaus 
78202;Uitleenbureaus
78203;Banenpools (werkgelegenheidsprojecten)
7830;Payrolling (personeelsbeheer)
7911;Reisbemiddeling
7912;Reisorganisatie
7990;Informatieverstrekking op het gebied van toerisme en reserveringsbureaus
8010;Particuliere beveiliging 
8020;Beveiliging via  beveiligingssystemen
8030;Opsporing
8110;Facility management
8121;Interieurreiniging van gebouwen
81221;Glazenwassen
81222;Schoorsteenvegen
81229;Overige gespecialiseerde reiniging van gebouwen en industriële reiniging.
8129;Overige reiniging 
8130;Landschapsverzorging
8211;Brede administratieve dienstverlening 
8219;Secretariële dienstverlening 
8220;Callcenters
8230;Organiseren van congressen en beurzen
8291;Kredietinformatie- en incassobureaus
8292;Pakken, sorteren e.d. in loon
82991;Veilingen van landbouw-, tuinbouw- en visserijproducten
82992;Veilingen van huisraad, kunst, antiek, machines e.d. roerende goederen
82999;Overige zakelijke dienstverlening n.e.g. 
8411;Algemeen overheidsbestuur
8412;Openbaar bestuur op het gebied van gezondheidszorg, onderwijs, cultuur en welzijn (geen sociale verzekeringen)
8413;Openbaar bestuur op het gebied van het bedrijfsleven
8421;Buitenlandse zaken
8422;Defensie
84231;Rechtspraak
84232;Ministerie van Justitie en gevangeniswezen
8424;Politie
8425;Brandweer
8430;Verplichte sociale verzekeringen
85201;Basisonderwijs voor leerplichtigen
85202;Speciaal basisonderwijs
85203;Speciaal onderwijs in expertisecentra
85311;Havo en vwo
85312;Voorbereidend middelbaar beroepsonderwijs
85313;Praktijkonderwijs
85314;Brede scholengemeenschappen voor voortgezet onderwijs
85321;Middelbaar beroepsonderwijs
85322;Educatie
85323;Middelbaar beroepsonderwijs en educatie (gecombineerd)
8541;Niet-universitair hoger onderwijs
8542;Universitair hoger onderwijs
85511;Zeil- en surfscholen
85519;Overig sport- en recreatieonderwijs
85521;Dansscholen
85522;Kunstzinnige vorming van amateurs (geen dansscholen)
8553;Auto- en motorrijscholen
85591;Afstandsonderwijs
85592;Bedrijfsopleiding en -training
85599;Studiebegeleiding, vorming en onderwijs n.e.g.
8560;Dienstverlening voor het onderwijs
86101;Universitair medische centra 
86102;Algemene ziekenhuizen 
86103;Categorale ziekenhuizen 
86104;Geestelijke gezondheids- en verslavingszorg met overnachting
8621;Praktijken van huisartsen
86221;Praktijken van medisch specialisten en medische dagbehandelcentra (geen tandheelkunde of psychiatrie)
86222;Praktijken van psychiaters en dagbehandelcentra voor geestelijke gezondheids- en verslavingszorg
86231;Praktijken van tandartsen
86232;Praktijken van tandheelkundig specialisten
86911;Praktijken van verloskundigen
86912;Praktijken van fysiotherapeuten
86913;Praktijken van psychotherapeuten, psychologen en pedagogen
86919;Overige paramedische praktijken (geen fysiotherapie en psychologie) en alternatieve genezers
86921;Gezondheidscentra
86922;Arbobegeleiding en reïntegratie
86923;Preventieve gezondheidszorg (geen arbobegeleiding)
86924;Medische laboratoria, trombodediensten en overig behandelingsondersteunend onderzoek 
86925;Ambulancediensten en centrale posten
86929;Samenwerkingsorganen op het gebied van gezondheidszorg en overige gezondheidszorgondersteunende diensten
8710;Verpleeghuizen
8720;Huizen en dagverblijven voor verstandelijk gehandicapten en psychiatrische cliënten 
87301;Huizen en dagverblijven voor niet-verstandelijk gehandicapten 
87302;Verzorgingshuizen
87901;Jeugdzorg met overnachting en dagverblijven voor jeugdzorg
87902;Maatschappelijk opvang met overnachting 
88101;Thuiszorg
88102;Welzijnswerk voor ouderen
88103;Ondersteuning en begeleiding van gehandicapten
88911;Kinderopvang
88912;Peuterspeelzaalwerk
88991;Ambulante jeugdzorg
88992;Maatschappelijk werk 
88993;Lokaal welzijnswerk
88999;Overig maatschappelijk advies, gemeenschapshuizen en samenwerkingsorganen op het gebied van welzijn
90011;Beoefening van podiumkunst
90012;Producenten van podiumkunst
90013;Circus en variété
9002;Dienstverlening voor uitvoerende kunst
9003;Schrijven en overige scheppende kunst
90041;Theaters en schouwburgen
90042;Evenementenhallen
91011;Openbare bibliotheken
91012;Kunstuitleencentra
91019;Overige culturele uitleencentra en openbare archieven
91021;Musea
91022;Kunstgalerieën en -expositieruimten
9103;Monumentenzorg
91041;Dieren- en plantentuinen, kinderboerderijen
91042;Natuurbehoud
92001;Loterijen en kansspelen (geen amusementsautomaten)
92009;Exploitatie van amusements- en speelautomaten
93111;Zwembaden
93112;Sporthallen, sportzalen en gymzalen
93113;Sportvelden
93119;Overige sportaccommodaties
93121;Veldvoetbal
93122;Veldsport in teamverband (geen voetbal) 
93123;Atletiek
93124;Tennis
93125;Paardensport en maneges
93126;Wielersport
93127;Auto- en motorsport
93128;Wintersport
93129;Overige buitensport
9313;Fitnesscentra
93141;Individuele zaalsport 
93142;Zaalsport in teamverband
93143;Kracht- en vechtsport
93144;Bowlen, kegelen, biljarten e.d.
93145;Denksport
93146;Sportscholen
93149;Overige binnensport en omnisport
93151;Zwem- en onderwatersport
93152;Roei-, kano-, zeil- en surfsport e.d.
93191;Beroepssportlieden
93192;Hengelsport
93193;Verzorgen van vistochten
93194;Supportersverenigingen (sport)
93195;Organiseren van sportevenementen
93196;Overkoepelende organen en samenwerkings- en adviesorganen op het gebied van sport
93199;Overige sportactiviteiten n.e.g.
93211;Pret- en themaparken
93212;Kermisattracties
93291;Jachthavens
93299;Overige recreatie n.e.g.(geen jachthavens)
9411;Bedrijfs- en werkgeversorganisaties
9412;Beroepsorganisaties
9420;Werknemersorganisaties
94911;Religieuze organisaties
94919;Overige levensbeschouwelijke organisaties
9492;Politieke organisaties
94991;Gezelligheidsverenigingen
94992;Hobbyclubs
94993;Steunfondsen (niet op het gebied van welzijnszorg)
94994;Vriendenkringen op het gebied van cultuur, fanclubs en overige kunstbevordering
94995;Overkoepelende organen en samenwerkings- en adviesorganen (niet op het gebied van gezondheids- en welzijnszorg, sport en recreatie)
94996;Overige ideële organisaties n.e.g.
94997;Overige belangenbehartiging n.e.g.
9511;Reparatie van computers en randapparatuur
9512;Reparatie van communicatieapparatuur
9521;Reparatie van consumentenelektronica (geen computers)
9522;Reparatie van elektrische huishoudelijke apparaten 
9523;Reparatie van schoenen en lederwaren
9524;Reparatie en stoffering van meubels
9525;Reparatie van uurwerken en juweliersartikelen
9529;Reparatie van overige consumentenartikelen
96011;Wasserijen en linnenverhuur
96012;Chemische wasserijen en ververijen
96013;Wassalons en -verzendinrichtingen
96021;Haarverzorging
96022;Schoonheidsverzorging, pedicures en manicures, visagie en image consulting
96031;Uitvaartverzorging
96032;Crematoria, mortuaria en begraafplaatsen
9604;Sauna's, solaria, baden e.d.
9609;Overige dienstverlening n.e.g.
9700;Huishoudens als werkgever van huishoudelijk personeel
9810;Niet-gespecificeerde productie van goederen door particuliere huishoudens voor eigen gebruik
9820;Niet-gespecificeerde productie van diensten door particuliere huishoudens voor eigen gebruik
9900;Extraterritoriale organisaties en lichamen
